Time,power LinkyHouse1,,,,,,,,,,,,,,
7/26/2025 3:29,2.45,,,,5.8,0.030273438,33.03225806,,,,,,,,
7/26/2025 3:30,1.8,,34.35114504,,5.24,,,,,,,,,,
7/26/2025 3:30,3.1,,34.38735178,,5,donne:,171.7557252,or cela est perçu comme:,,,5.426339236,,,,
7/26/2025 3:30,2.25,,34.69387755,,Vmax,5.8,,donc attente de:,,,38.68303821,,,,
7/26/2025 3:30,2.3,,35.16746411,,Vmin,5,,,,,,,,,
7/26/2025 3:30,2.5,,34.74576271,,Tmin,20,,,,,,,,,
7/26/2025 3:30,2.7,,33.22683706,,Tmax,60,,,,,,,,,
7/26/2025 3:31,1.75,,,,,,,,,,,,,,
7/26/2025 3:31,1.65,,,,Voltagethreshold,,6.1,202.6837061,,#NAME?,,,,,
7/26/2025 3:31,2.25,,,,Voltagethreshold 2,,,,,,,,,,
7/26/2025 3:31,1.95,,,,,,,,,,,,,208,6.26
7/26/2025 3:31,4.83,,Si je suis à 5.5V,,Wemo voit:,5.479745646,,,,,,,6.26,183,5.45
7/26/2025 3:32,1.75,,Si je suis à 6V,,Wemo voit:,6.03534345,,,,,,,5.45,181,5.24
7/26/2025 3:32,1.5,,,,,,,,,,,,5.24,174,5.06
7/26/2025 3:32,7.15,,,,,,,,,,,,5.06,170,4.9
7/26/2025 3:32,-8.1,,0.523603487,,,,,,,,,,4.9,147,4.18
7/26/2025 3:32,1.07,,threshold1,160,5.3V,,,,,,,,4.18,123,3.54
7/26/2025 3:32,1.65,,threshold2,187,4.5V,,,,,,,,3.54,,
7/26/2025 3:33,0,,Vin,3.3,,,,,,,,,,,
7/26/2025 3:33,2.2,,Vref,4.9,,,,,,,,,,,
7/26/2025 3:33,0,,returned value,172.4081633,,,,,,,,,,,
7/26/2025 3:35,-1.7,,,,,,,,,,,,,,
7/26/2025 3:36,-0.9,,,,,,,,,,,,,,
7/26/2025 3:36,-1.85,,,,,,,,,,,,,,
7/26/2025 3:36,-1.6,,,,,,,,,,,,,,
7/26/2025 3:36,-1.85,,,,,,,,,,,,,,
7/26/2025 3:37,0,,,,,,,,,,,,,,
7/26/2025 3:37,-1.7,,,,,,,,,,,,,,
7/26/2025 3:37,44.2,,,,,,,,,,,,,,
7/26/2025 3:38,-2.25,,,,,,,,,,,,,,
7/26/2025 3:38,0,,,,,,,,,,,,,,
7/26/2025 3:38,-1.45,,,,,,,,,,,,,,
7/26/2025 3:39,-2.3,,,,,,,,,,,,,,
7/26/2025 3:39,-2.3,,,,,,,,,,,,,,
7/26/2025 3:39,-3.95,,,,,,,,,,,,,,
7/26/2025 3:39,-6.7,,,,,,,,,,,,,,
7/26/2025 3:39,-6.5,,,,,,,,,,,,,,
7/26/2025 3:40,-8.6,,,,,,,,,,,,,,
7/26/2025 3:40,-8.8,,,,,,,,,,,,,,
7/26/2025 3:40,-9.7,,,,,,,,,,,,,,
7/26/2025 3:40,-9.2,,,,,,,,,,,,,,
7/26/2025 3:41,-9.9,,,,,,,,,,,,,,
7/26/2025 3:41,-11.3,,,,,,,,,,,,,,
7/26/2025 3:41,-10.6,,,,,,,,,,,,,,
7/26/2025 3:41,-9.75,,,,,,,,,,,,,,
7/26/2025 3:42,-11.3,,,,,,,,,,,,,,
7/26/2025 3:42,-11.8,,,,,,,,,,,,,,
7/26/2025 3:42,-7.25,,,,,,,,,,,,,,
7/26/2025 3:42,-12,,,,,,,,,,,,,,
7/26/2025 3:42,-7.85,,,,,,,,,,,,,,
7/26/2025 3:42,-11.2,,,,,,,,,,,,,,
7/26/2025 3:43,-5.95,,,,,,,,,,,,,,
7/26/2025 3:43,-12.8,,,,,,,,,,,,,,
7/26/2025 3:43,-12.4,,,,,,,,,,,,,,
7/26/2025 3:43,-12.8,,,,,,,,,,,,,,
7/26/2025 3:44,-42.4,,,,,,,,,,,,,,
7/26/2025 3:44,0.75,,,,,,,,,,,,,,
7/26/2025 3:44,0.85,,,,,,,,,,,,,,
7/26/2025 3:44,45.6,,,,,,,,,,,,,,
7/26/2025 3:45,-5.85,,,,,,,,,,,,,,
7/26/2025 3:45,-9.5,,,,,,,,,,,,,,
7/26/2025 3:45,-13.6,,,,,,,,,,,,,,
7/26/2025 3:45,-9.5,,,,,,,,,,,,,,
7/26/2025 3:45,2,,,,,,,,,,,,,,
7/26/2025 3:45,3.2,,,,,,,,,,,,,,
7/26/2025 3:46,2.6,,,,,,,,,,,,,,
7/26/2025 3:46,3,,,,,,,,,,,,,,
7/26/2025 3:46,5.1,,,,,,,,,,,,,,
7/26/2025 3:46,5.6,,,,,,,,,,,,,,
7/26/2025 3:46,7,,,,,,,,,,,,,,
7/26/2025 3:47,5.9,,,,,,,,,,,,,,
7/26/2025 3:47,5.3,,,,,,,,,,,,,,
7/26/2025 3:47,6.4,,,,,,,,,,,,,,
7/26/2025 3:47,3.9,,,,,,,,,,,,,,
7/26/2025 3:47,4,,,,,,,,,,,,,,
7/26/2025 3:47,4.6,,,,,,,,,,,,,,
7/26/2025 3:48,5.1,,,,,,,,,,,,,,
7/26/2025 3:48,4.9,,,,,,,,,,,,,,
7/26/2025 3:48,4.4,,,,,,,,,,,,,,
7/26/2025 3:48,6.05,,,,,,,,,,,,,,
7/26/2025 3:49,3.5,,,,,,,,,,,,,,
7/26/2025 3:49,4.6,,,,,,,,,,,,,,
7/26/2025 3:49,4.7,,,,,,,,,,,,,,
7/26/2025 3:49,6.4,,,,,,,,,,,,,,
7/26/2025 3:49,5.5,,,,,,,,,,,,,,
7/26/2025 3:50,6.5,,,,,,,,,,,,,,
7/26/2025 3:50,4.9,,,,,,,,,,,,,,
7/26/2025 3:50,6.8,,,,,,,,,,,,,,
7/26/2025 3:50,5.9,,,,,,,,,,,,,,
7/26/2025 3:51,6.5,,,,,,,,,,,,,,
7/26/2025 3:51,5.3,,,,,,,,,,,,,,
7/26/2025 3:51,5.8,,,,,,,,,,,,,,
7/26/2025 3:51,5.9,,,,,,,,,,,,,,
7/26/2025 3:51,4.2,,,,,,,,,,,,,,
7/26/2025 3:51,6.3,,,,,,,,,,,,,,
7/26/2025 3:52,6.2,,,,,,,,,,,,,,
7/26/2025 3:52,29.8,,,,,,,,,,,,,,
7/26/2025 3:52,3.2,,,,,,,,,,,,,,
7/26/2025 3:52,2.7,,,,,,,,,,,,,,
7/26/2025 3:52,2.3,,,,,,,,,,,,,,
7/26/2025 3:52,1.9,,,,,,,,,,,,,,
7/26/2025 3:53,2.95,,,,,,,,,,,,,,
7/26/2025 3:53,4.9,,,,,,,,,,,,,,
7/26/2025 3:53,6.7,,,,,,,,,,,,,,
7/26/2025 3:53,4.7,,,,,,,,,,,,,,
7/26/2025 3:53,4.45,,,,,,,,,,,,,,
7/26/2025 3:54,3.3,,,,,,,,,,,,,,
7/26/2025 3:54,3.8,,,,,,,,,,,,,,
7/26/2025 3:54,7,,,,,,,,,,,,,,
7/26/2025 3:54,2.9,,,,,,,,,,,,,,
7/26/2025 3:55,3.1,,,,,,,,,,,,,,
7/26/2025 3:55,2.5,,,,,,,,,,,,,,
7/26/2025 3:55,2.7,,,,,,,,,,,,,,
7/26/2025 3:55,2.83,,,,,,,,,,,,,,
7/26/2025 3:55,2.8,,,,,,,,,,,,,,
7/26/2025 3:56,2.05,,,,,,,,,,,,,,
7/26/2025 3:56,1.75,,,,,,,,,,,,,,
7/26/2025 3:56,38.8,,,,,,,,,,,,,,
7/26/2025 3:56,-16.9,,,,,,,,,,,,,,
7/26/2025 3:56,0.9,,,,,,,,,,,,,,
7/26/2025 3:56,4.45,,,,,,,,,,,,,,
7/26/2025 3:57,5.35,,,,,,,,,,,,,,
7/26/2025 3:57,202,,,,,,,,,,,,,,
7/26/2025 3:57,-12.9,,,,,,,,,,,,,,
7/26/2025 3:57,2.3,,,,,,,,,,,,,,
7/26/2025 3:57,1.8,,,,,,,,,,,,,,
7/26/2025 3:58,2.45,,,,,,,,,,,,,,
7/26/2025 3:58,1.6,,,,,,,,,,,,,,
7/26/2025 3:58,0.95,,,,,,,,,,,,,,
7/26/2025 3:58,-2.2,,,,,,,,,,,,,,
7/26/2025 3:58,-3.4,,,,,,,,,,,,,,
7/26/2025 3:58,-6.3,,,,,,,,,,,,,,
7/26/2025 3:59,-9.1,,,,,,,,,,,,,,
7/26/2025 3:59,-8.9,,,,,,,,,,,,,,
7/26/2025 3:59,-10.9,,,,,,,,,,,,,,
7/26/2025 3:59,-0.3,,,,,,,,,,,,,,
7/26/2025 3:59,-5.15,,,,,,,,,,,,,,
7/26/2025 4:00,-1.7,,,,,,,,,,,,,,
7/26/2025 4:00,1.3,,,,,,,,,,,,,,
7/26/2025 4:00,-1.7,,,,,,,,,,,,,,
7/26/2025 4:00,-1.85,,,,,,,,,,,,,,
7/26/2025 4:00,-2.1,,,,,,,,,,,,,,
7/26/2025 4:01,-5,,,,,,,,,,,,,,
7/26/2025 4:01,-3.7,,,,,,,,,,,,,,
7/26/2025 4:01,-4.6,,,,,,,,,,,,,,
7/26/2025 4:01,-3.2,,,,,,,,,,,,,,
7/26/2025 4:02,-4.3,,,,,,,,,,,,,,
7/26/2025 4:02,-3.3,,,,,,,,,,,,,,
7/26/2025 4:02,-5.2,,,,,,,,,,,,,,
7/26/2025 4:02,-6.1,,,,,,,,,,,,,,
7/26/2025 4:02,-4,,,,,,,,,,,,,,
7/26/2025 4:02,-6,,,,,,,,,,,,,,
7/26/2025 4:03,-4.2,,,,,,,,,,,,,,
7/26/2025 4:03,-5.2,,,,,,,,,,,,,,
7/26/2025 4:03,-36.3,,,,,,,,,,,,,,
7/26/2025 4:03,-35.6,,,,,,,,,,,,,,
7/26/2025 4:03,2,,,,,,,,,,,,,,
7/26/2025 4:04,1.65,,,,,,,,,,,,,,
7/26/2025 4:04,2.1,,,,,,,,,,,,,,
7/26/2025 4:04,1.65,,,,,,,,,,,,,,
7/26/2025 4:04,1.8,,,,,,,,,,,,,,
7/26/2025 4:04,0,,,,,,,,,,,,,,
7/26/2025 4:05,3.75,,,,,,,,,,,,,,
7/26/2025 4:05,0.95,,,,,,,,,,,,,,
7/26/2025 4:05,1.7,,,,,,,,,,,,,,
7/26/2025 4:05,0,,,,,,,,,,,,,,
7/26/2025 4:06,21.9,,,,,,,,,,,,,,
7/26/2025 4:06,4.7,,,,,,,,,,,,,,
7/26/2025 4:06,-4.45,,,,,,,,,,,,,,
7/26/2025 4:06,-1.8,,,,,,,,,,,,,,
7/26/2025 4:06,-2.75,,,,,,,,,,,,,,
7/26/2025 4:07,-2.95,,,,,,,,,,,,,,
7/26/2025 4:07,-3,,,,,,,,,,,,,,
7/26/2025 4:07,-2.8,,,,,,,,,,,,,,
7/26/2025 4:07,-2.7,,,,,,,,,,,,,,
7/26/2025 4:07,-3.8,,,,,,,,,,,,,,
7/26/2025 4:08,-3.3,,,,,,,,,,,,,,
7/26/2025 4:08,-3.2,,,,,,,,,,,,,,
7/26/2025 4:08,-3,,,,,,,,,,,,,,
7/26/2025 4:08,-3.4,,,,,,,,,,,,,,
7/26/2025 4:09,-3.3,,,,,,,,,,,,,,
7/26/2025 4:09,-4.1,,,,,,,,,,,,,,
7/26/2025 4:09,-2.2,,,,,,,,,,,,,,
7/26/2025 4:09,-3.1,,,,,,,,,,,,,,
7/26/2025 4:10,-2.3,,,,,,,,,,,,,,
7/26/2025 4:10,-2.6,,,,,,,,,,,,,,
7/26/2025 4:10,-3.8,,,,,,,,,,,,,,
7/26/2025 4:10,-2.63,,,,,,,,,,,,,,
7/26/2025 4:10,-1.75,,,,,,,,,,,,,,
7/26/2025 4:10,-1.55,,,,,,,,,,,,,,
7/26/2025 4:11,-3.2,,,,,,,,,,,,,,
7/26/2025 4:11,-3.3,,,,,,,,,,,,,,
7/26/2025 4:11,-2.6,,,,,,,,,,,,,,
7/26/2025 4:11,-3.8,,,,,,,,,,,,,,
7/26/2025 4:11,-2.5,,,,,,,,,,,,,,
7/26/2025 4:12,-1.5,,,,,,,,,,,,,,
7/26/2025 4:12,-2.75,,,,,,,,,,,,,,
7/26/2025 4:12,-3.2,,,,,,,,,,,,,,
7/26/2025 4:12,-2.87,,,,,,,,,,,,,,
7/26/2025 4:13,-2.1,,,,,,,,,,,,,,
7/26/2025 4:13,-1.4,,,,,,,,,,,,,,
7/26/2025 4:13,-3,,,,,,,,,,,,,,
7/26/2025 4:13,-3.7,,,,,,,,,,,,,,
7/26/2025 4:14,-2.7,,,,,,,,,,,,,,
7/26/2025 4:14,-2.9,,,,,,,,,,,,,,
7/26/2025 4:14,-2.4,,,,,,,,,,,,,,
7/26/2025 4:14,-2.9,,,,,,,,,,,,,,
7/26/2025 4:14,-3.1,,,,,,,,,,,,,,
7/26/2025 4:15,-3.3,,,,,,,,,,,,,,
7/26/2025 4:15,-3.35,,,,,,,,,,,,,,
7/26/2025 4:15,43.1,,,,,,,,,,,,,,
7/26/2025 4:15,-1.2,,,,,,,,,,,,,,
7/26/2025 4:16,2.5,,,,,,,,,,,,,,
7/26/2025 4:16,0,,,,,,,,,,,,,,
7/26/2025 4:16,2.2,,,,,,,,,,,,,,
7/26/2025 4:16,2.3,,,,,,,,,,,,,,
7/26/2025 4:16,1.5,,,,,,,,,,,,,,
7/26/2025 4:16,-4.35,,,,,,,,,,,,,,
7/26/2025 4:17,-1.8,,,,,,,,,,,,,,
7/26/2025 4:17,-3.6,,,,,,,,,,,,,,
7/26/2025 4:17,-5,,,,,,,,,,,,,,
7/26/2025 4:17,2.2,,,,,,,,,,,,,,
7/26/2025 4:17,-5.3,,,,,,,,,,,,,,
7/26/2025 4:18,-5.6,,,,,,,,,,,,,,
7/26/2025 4:18,-2.1,,,,,,,,,,,,,,
7/26/2025 4:18,-8.3,,,,,,,,,,,,,,
7/26/2025 4:18,-7.85,,,,,,,,,,,,,,
7/26/2025 4:18,-8.5,,,,,,,,,,,,,,
7/26/2025 4:19,-8.6,,,,,,,,,,,,,,
7/26/2025 4:19,-10.3,,,,,,,,,,,,,,
7/26/2025 4:19,-10.2,,,,,,,,,,,,,,
7/26/2025 4:19,-9,,,,,,,,,,,,,,
7/26/2025 4:19,-10.3,,,,,,,,,,,,,,
7/26/2025 4:19,-10.2,,,,,,,,,,,,,,
7/26/2025 4:20,-8.95,,,,,,,,,,,,,,
7/26/2025 4:20,-8,,,,,,,,,,,,,,
7/26/2025 4:20,-7.3,,,,,,,,,,,,,,
7/26/2025 4:20,-8.1,,,,,,,,,,,,,,
7/26/2025 4:20,-6.85,,,,,,,,,,,,,,
7/26/2025 4:20,-8.7,,,,,,,,,,,,,,
7/26/2025 4:21,-9.45,,,,,,,,,,,,,,
7/26/2025 4:21,-11,,,,,,,,,,,,,,
7/26/2025 4:21,-9.5,,,,,,,,,,,,,,
7/26/2025 4:21,-9.65,,,,,,,,,,,,,,
7/26/2025 4:22,-11,,,,,,,,,,,,,,
7/26/2025 4:22,-84,,,,,,,,,,,,,,
7/26/2025 4:22,1.7,,,,,,,,,,,,,,
7/26/2025 4:22,1.6,,,,,,,,,,,,,,
7/26/2025 4:22,1.53,,,,,,,,,,,,,,
7/26/2025 4:22,1.7,,,,,,,,,,,,,,
7/26/2025 4:23,1.95,,,,,,,,,,,,,,
7/26/2025 4:23,1.6,,,,,,,,,,,,,,
7/26/2025 4:23,2.4,,,,,,,,,,,,,,
7/26/2025 4:23,1.85,,,,,,,,,,,,,,
7/26/2025 4:23,0.9,,,,,,,,,,,,,,
7/26/2025 4:23,1.5,,,,,,,,,,,,,,
7/26/2025 4:24,3.4,,,,,,,,,,,,,,
7/26/2025 4:24,1.6,,,,,,,,,,,,,,
7/26/2025 4:24,2.1,,,,,,,,,,,,,,
7/26/2025 4:24,6,,,,,,,,,,,,,,
7/26/2025 4:25,1.6,,,,,,,,,,,,,,
7/26/2025 4:25,1.8,,,,,,,,,,,,,,
7/26/2025 4:25,1.7,,,,,,,,,,,,,,
7/26/2025 4:25,1.9,,,,,,,,,,,,,,
7/26/2025 4:25,-21.8,,,,,,,,,,,,,,
7/26/2025 4:25,0,,,,,,,,,,,,,,
7/26/2025 4:26,58.8,,,,,,,,,,,,,,
7/26/2025 4:26,-5.9,,,,,,,,,,,,,,
7/26/2025 4:27,-2.4,,,,,,,,,,,,,,
7/26/2025 4:27,-2.45,,,,,,,,,,,,,,
7/26/2025 4:27,-6.95,,,,,,,,,,,,,,
7/26/2025 4:27,-9.9,,,,,,,,,,,,,,
7/26/2025 4:27,-10.1,,,,,,,,,,,,,,
7/26/2025 4:28,-11,,,,,,,,,,,,,,
7/26/2025 4:28,-10.5,,,,,,,,,,,,,,
7/26/2025 4:28,-11,,,,,,,,,,,,,,
7/26/2025 4:28,-9.45,,,,,,,,,,,,,,
7/26/2025 4:28,-9,,,,,,,,,,,,,,
7/26/2025 4:28,-7.75,,,,,,,,,,,,,,
7/26/2025 4:29,-4.3,,,,,,,,,,,,,,
7/26/2025 4:29,-9.3,,,,,,,,,,,,,,
7/26/2025 4:29,-8.4,,,,,,,,,,,,,,
7/26/2025 4:29,-9.45,,,,,,,,,,,,,,
7/26/2025 4:29,-10.5,,,,,,,,,,,,,,
7/26/2025 4:30,-10.1,,,,,,,,,,,,,,
7/26/2025 4:30,-10.4,,,,,,,,,,,,,,
7/26/2025 4:30,-6,,,,,,,,,,,,,,
7/26/2025 4:30,-10.7,,,,,,,,,,,,,,
7/26/2025 4:31,5.55,,,,,,,,,,,,,,
7/26/2025 4:31,-5.05,,,,,,,,,,,,,,
7/26/2025 4:31,4.25,,,,,,,,,,,,,,
7/26/2025 4:31,0.1,,,,,,,,,,,,,,
7/26/2025 4:31,-1.8,,,,,,,,,,,,,,
7/26/2025 4:32,-1.8,,,,,,,,,,,,,,
7/26/2025 4:32,-1.85,,,,,,,,,,,,,,
7/26/2025 4:32,-1.95,,,,,,,,,,,,,,
7/26/2025 4:32,-2.75,,,,,,,,,,,,,,
7/26/2025 4:32,-2.95,,,,,,,,,,,,,,
7/26/2025 4:32,-2.7,,,,,,,,,,,,,,
7/26/2025 4:33,-4.7,,,,,,,,,,,,,,
7/26/2025 4:33,-5,,,,,,,,,,,,,,
7/26/2025 4:33,-3.8,,,,,,,,,,,,,,
7/26/2025 4:33,-3.4,,,,,,,,,,,,,,
7/26/2025 4:34,41.6,,,,,,,,,,,,,,
7/26/2025 4:34,0,,,,,,,,,,,,,,
7/26/2025 4:34,1.8,,,,,,,,,,,,,,
7/26/2025 4:34,0,,,,,,,,,,,,,,
7/26/2025 4:34,1.5,,,,,,,,,,,,,,
7/26/2025 4:34,0,,,,,,,,,,,,,,
7/26/2025 4:35,-1.75,,,,,,,,,,,,,,
7/26/2025 4:35,-2.45,,,,,,,,,,,,,,
7/26/2025 4:35,-0.65,,,,,,,,,,,,,,
7/26/2025 4:35,-4.9,,,,,,,,,,,,,,
7/26/2025 4:35,-6.6,,,,,,,,,,,,,,
7/26/2025 4:36,-8.6,,,,,,,,,,,,,,
7/26/2025 4:36,-9.1,,,,,,,,,,,,,,
7/26/2025 4:36,-8.8,,,,,,,,,,,,,,
7/26/2025 4:36,-10.4,,,,,,,,,,,,,,
7/26/2025 4:36,0.9,,,,,,,,,,,,,,
7/26/2025 4:37,0.95,,,,,,,,,,,,,,
7/26/2025 4:37,2.3,,,,,,,,,,,,,,
7/26/2025 4:37,1.2,,,,,,,,,,,,,,
7/26/2025 4:37,9.6,,,,,,,,,,,,,,
7/26/2025 4:37,0,,,,,,,,,,,,,,
7/26/2025 4:38,-1.7,,,,,,,,,,,,,,
7/26/2025 4:38,-2.9,,,,,,,,,,,,,,
7/26/2025 4:38,-2.7,,,,,,,,,,,,,,
7/26/2025 4:38,-3.3,,,,,,,,,,,,,,
7/26/2025 4:39,-3.6,,,,,,,,,,,,,,
7/26/2025 4:39,-4.75,,,,,,,,,,,,,,
7/26/2025 4:39,-3.3,,,,,,,,,,,,,,
7/26/2025 4:39,-5.4,,,,,,,,,,,,,,
7/26/2025 4:40,-4.9,,,,,,,,,,,,,,
7/26/2025 4:40,-0.55,,,,,,,,,,,,,,
7/26/2025 4:40,-5,,,,,,,,,,,,,,
7/26/2025 4:40,-79.4,,,,,,,,,,,,,,
7/26/2025 4:40,1.45,,,,,,,,,,,,,,
7/26/2025 4:41,2.3,,,,,,,,,,,,,,
7/26/2025 4:41,0,,,,,,,,,,,,,,
7/26/2025 4:41,-0.8,,,,,,,,,,,,,,
7/26/2025 4:42,9.2,,,,,,,,,,,,,,
7/26/2025 4:42,-1.7,,,,,,,,,,,,,,
7/26/2025 4:42,-2.35,,,,,,,,,,,,,,
7/26/2025 4:42,-2.15,,,,,,,,,,,,,,
7/26/2025 4:42,-1.9,,,,,,,,,,,,,,
7/26/2025 4:43,-3,,,,,,,,,,,,,,
7/26/2025 4:43,-1.6,,,,,,,,,,,,,,
7/26/2025 4:43,-2.1,,,,,,,,,,,,,,
7/26/2025 4:43,-1.35,,,,,,,,,,,,,,
7/26/2025 4:43,-3.1,,,,,,,,,,,,,,
7/26/2025 4:43,-2.8,,,,,,,,,,,,,,
7/26/2025 4:44,-3.1,,,,,,,,,,,,,,
7/26/2025 4:44,-3,,,,,,,,,,,,,,
7/26/2025 4:44,0,,,,,,,,,,,,,,
7/26/2025 4:44,-2.95,,,,,,,,,,,,,,
7/26/2025 4:44,-0.85,,,,,,,,,,,,,,
7/26/2025 4:44,-3.3,,,,,,,,,,,,,,
7/26/2025 4:45,-2.2,,,,,,,,,,,,,,
7/26/2025 4:45,-3.1,,,,,,,,,,,,,,
7/26/2025 4:45,-4.35,,,,,,,,,,,,,,
7/26/2025 4:45,-5.1,,,,,,,,,,,,,,
7/26/2025 4:45,-4.8,,,,,,,,,,,,,,
7/26/2025 4:46,-4.5,,,,,,,,,,,,,,
7/26/2025 4:46,-4.8,,,,,,,,,,,,,,
7/26/2025 4:46,-5.2,,,,,,,,,,,,,,
7/26/2025 4:46,-6.4,,,,,,,,,,,,,,
7/26/2025 4:47,-6.6,,,,,,,,,,,,,,
7/26/2025 4:47,-6.7,,,,,,,,,,,,,,
7/26/2025 4:47,-4.6,,,,,,,,,,,,,,
7/26/2025 4:47,-4.9,,,,,,,,,,,,,,
7/26/2025 4:47,-5.9,,,,,,,,,,,,,,
7/26/2025 4:47,-6,,,,,,,,,,,,,,
7/26/2025 4:48,-5.5,,,,,,,,,,,,,,
7/26/2025 4:48,-6.4,,,,,,,,,,,,,,
7/26/2025 4:48,-5.25,,,,,,,,,,,,,,
7/26/2025 4:48,23.2,,,,,,,,,,,,,,
7/26/2025 4:49,0,,,,,,,,,,,,,,
7/26/2025 4:49,0.6,,,,,,,,,,,,,,
7/26/2025 4:50,1.7,,,,,,,,,,,,,,
7/26/2025 4:50,2.3,,,,,,,,,,,,,,
7/26/2025 4:51,-1.8,,,,,,,,,,,,,,
7/26/2025 4:51,0.45,,,,,,,,,,,,,,
7/26/2025 4:51,-0.75,,,,,,,,,,,,,,
7/26/2025 4:51,-1.7,,,,,,,,,,,,,,
7/26/2025 4:51,2.1,,,,,,,,,,,,,,
7/26/2025 4:52,0,,,,,,,,,,,,,,
7/26/2025 4:52,-3.45,,,,,,,,,,,,,,
7/26/2025 4:52,-1.7,,,,,,,,,,,,,,
7/26/2025 4:52,-1.7,,,,,,,,,,,,,,
7/26/2025 4:53,43.4,,,,,,,,,,,,,,
7/26/2025 4:53,-1.75,,,,,,,,,,,,,,
7/26/2025 4:53,-2.7,,,,,,,,,,,,,,
7/26/2025 4:53,-3.2,,,,,,,,,,,,,,
7/26/2025 4:53,-3.1,,,,,,,,,,,,,,
7/26/2025 4:54,-3.6,,,,,,,,,,,,,,
7/26/2025 4:54,-5.5,,,,,,,,,,,,,,
7/26/2025 4:54,-6.6,,,,,,,,,,,,,,
7/26/2025 4:54,-8.25,,,,,,,,,,,,,,
7/26/2025 4:54,-9.1,,,,,,,,,,,,,,
7/26/2025 4:55,-8.8,,,,,,,,,,,,,,
7/26/2025 4:55,-10.9,,,,,,,,,,,,,,
7/26/2025 4:55,-10,,,,,,,,,,,,,,
7/26/2025 4:56,-10.1,,,,,,,,,,,,,,
7/26/2025 4:56,25,,,,,,,,,,,,,,
7/26/2025 4:56,0,,,,,,,,,,,,,,
7/26/2025 4:56,-18.7,,,,,,,,,,,,,,
7/26/2025 4:56,-1.15,,,,,,,,,,,,,,
7/26/2025 4:56,-1.8,,,,,,,,,,,,,,
7/26/2025 4:57,-1.6,,,,,,,,,,,,,,
7/26/2025 4:57,-2.2,,,,,,,,,,,,,,
7/26/2025 4:57,1.95,,,,,,,,,,,,,,
7/26/2025 4:57,3.5,,,,,,,,,,,,,,
7/26/2025 4:57,-5.05,,,,,,,,,,,,,,
7/26/2025 4:57,1.3,,,,,,,,,,,,,,
7/26/2025 4:58,1.7,,,,,,,,,,,,,,
7/26/2025 4:58,1.9,,,,,,,,,,,,,,
7/26/2025 4:58,40.3,,,,,,,,,,,,,,
7/26/2025 4:58,-2.85,,,,,,,,,,,,,,
7/26/2025 4:58,-6,,,,,,,,,,,,,,
7/26/2025 4:59,-4,,,,,,,,,,,,,,
7/26/2025 4:59,-9.5,,,,,,,,,,,,,,
7/26/2025 4:59,-10.2,,,,,,,,,,,,,,
7/26/2025 4:59,-9.4,,,,,,,,,,,,,,
7/26/2025 4:59,-11.4,,,,,,,,,,,,,,
7/26/2025 4:59,-9.2,,,,,,,,,,,,,,
7/26/2025 5:00,-39.6,,,,,,,,,,,,,,
7/26/2025 5:00,215,,,,,,,,,,,,,,
7/26/2025 5:00,2.4,,,,,,,,,,,,,,
7/26/2025 5:00,-5.85,,,,,,,,,,,,,,
7/26/2025 5:00,0,,,,,,,,,,,,,,
7/26/2025 5:00,-3.1,,,,,,,,,,,,,,
7/26/2025 5:01,0,,,,,,,,,,,,,,
7/26/2025 5:01,6.2,,,,,,,,,,,,,,
7/26/2025 5:01,6.2,,,,,,,,,,,,,,
7/26/2025 5:01,7.05,,,,,,,,,,,,,,
7/26/2025 5:01,1.65,,,,,,,,,,,,,,
7/26/2025 5:02,-0.0333,,,,,,,,,,,,,,
7/26/2025 5:02,8.3,,,,,,,,,,,,,,
7/26/2025 5:02,1.1,,,,,,,,,,,,,,
7/26/2025 5:02,2.15,,,,,,,,,,,,,,
7/26/2025 5:02,50.9,,,,,,,,,,,,,,
7/26/2025 5:03,3.4,,,,,,,,,,,,,,
7/26/2025 5:03,2.65,,,,,,,,,,,,,,
7/26/2025 5:03,1.7,,,,,,,,,,,,,,
7/26/2025 5:03,1.5,,,,,,,,,,,,,,
7/26/2025 5:03,4,,,,,,,,,,,,,,
7/26/2025 5:03,0.3,,,,,,,,,,,,,,
7/26/2025 5:04,0,,,,,,,,,,,,,,
7/26/2025 5:04,-4.15,,,,,,,,,,,,,,
7/26/2025 5:04,3.25,,,,,,,,,,,,,,
7/26/2025 5:04,-1.9,,,,,,,,,,,,,,
7/26/2025 5:04,4.65,,,,,,,,,,,,,,
7/26/2025 5:05,3,,,,,,,,,,,,,,
7/26/2025 5:05,6.1,,,,,,,,,,,,,,
7/26/2025 5:05,3.2,,,,,,,,,,,,,,
7/26/2025 5:05,2.9,,,,,,,,,,,,,,
7/26/2025 5:05,1.2,,,,,,,,,,,,,,
7/26/2025 5:05,2.5,,,,,,,,,,,,,,
7/26/2025 5:06,1.6,,,,,,,,,,,,,,
7/26/2025 5:06,1,,,,,,,,,,,,,,
7/26/2025 5:06,0,,,,,,,,,,,,,,
7/26/2025 5:06,1.7,,,,,,,,,,,,,,
7/26/2025 5:06,-2,,,,,,,,,,,,,,
7/26/2025 5:07,-0.1,,,,,,,,,,,,,,
7/26/2025 5:07,-2,,,,,,,,,,,,,,
7/26/2025 5:07,-1.5,,,,,,,,,,,,,,
7/26/2025 5:07,1.15,,,,,,,,,,,,,,
7/26/2025 5:07,-1.95,,,,,,,,,,,,,,
7/26/2025 5:07,-2.6,,,,,,,,,,,,,,
7/26/2025 5:08,-2,,,,,,,,,,,,,,
7/26/2025 5:08,-2.2,,,,,,,,,,,,,,
7/26/2025 5:08,-1,,,,,,,,,,,,,,
7/26/2025 5:08,0,,,,,,,,,,,,,,
7/26/2025 5:09,-2.1,,,,,,,,,,,,,,
7/26/2025 5:09,-2.65,,,,,,,,,,,,,,
7/26/2025 5:09,-3.15,,,,,,,,,,,,,,
7/26/2025 5:09,-0.35,,,,,,,,,,,,,,
7/26/2025 5:09,-3,,,,,,,,,,,,,,
7/26/2025 5:09,-1.7,,,,,,,,,,,,,,
7/26/2025 5:10,-1.7,,,,,,,,,,,,,,
7/26/2025 5:10,-6.2,,,,,,,,,,,,,,
7/26/2025 5:10,3.15,,,,,,,,,,,,,,
7/26/2025 5:10,-3.4,,,,,,,,,,,,,,
7/26/2025 5:10,5.8,,,,,,,,,,,,,,
7/26/2025 5:10,-5.1,,,,,,,,,,,,,,
7/26/2025 5:11,-39.4,,,,,,,,,,,,,,
7/26/2025 5:11,1.85,,,,,,,,,,,,,,
7/26/2025 5:11,3.35,,,,,,,,,,,,,,
7/26/2025 5:11,2.7,,,,,,,,,,,,,,
7/26/2025 5:11,-23.1,,,,,,,,,,,,,,
7/26/2025 5:11,-4.25,,,,,,,,,,,,,,
7/26/2025 5:12,1.35,,,,,,,,,,,,,,
7/26/2025 5:12,1.7,,,,,,,,,,,,,,
7/26/2025 5:12,0,,,,,,,,,,,,,,
7/26/2025 5:12,-1.1,,,,,,,,,,,,,,
7/26/2025 5:12,-1.25,,,,,,,,,,,,,,
7/26/2025 5:13,-1.7,,,,,,,,,,,,,,
7/26/2025 5:13,44.3,,,,,,,,,,,,,,
7/26/2025 5:13,-2.5,,,,,,,,,,,,,,
7/26/2025 5:13,0,,,,,,,,,,,,,,
7/26/2025 5:13,787,,,,,,,,,,,,,,
7/26/2025 5:13,782,,,,,,,,,,,,,,
7/26/2025 5:14,781,,,,,,,,,,,,,,
7/26/2025 5:14,779,,,,,,,,,,,,,,
7/26/2025 5:14,776,,,,,,,,,,,,,,
7/26/2025 5:15,779,,,,,,,,,,,,,,
7/26/2025 5:15,778,,,,,,,,,,,,,,
7/26/2025 5:15,778,,,,,,,,,,,,,,
7/26/2025 5:15,776,,,,,,,,,,,,,,
7/26/2025 5:16,786,,,,,,,,,,,,,,
7/26/2025 5:16,774,,,,,,,,,,,,,,
7/26/2025 5:16,775,,,,,,,,,,,,,,
7/26/2025 5:16,775,,,,,,,,,,,,,,
7/26/2025 5:17,742,,,,,,,,,,,,,,
7/26/2025 5:17,708,,,,,,,,,,,,,,
7/26/2025 5:17,707,,,,,,,,,,,,,,
7/26/2025 5:17,704,,,,,,,,,,,,,,
7/26/2025 5:18,667,,,,,,,,,,,,,,
7/26/2025 5:18,647,,,,,,,,,,,,,,
7/26/2025 5:18,647,,,,,,,,,,,,,,
7/26/2025 5:19,646,,,,,,,,,,,,,,
7/26/2025 5:19,647,,,,,,,,,,,,,,
7/26/2025 5:19,645,,,,,,,,,,,,,,
7/26/2025 5:19,646,,,,,,,,,,,,,,
7/26/2025 5:20,646,,,,,,,,,,,,,,
7/26/2025 5:20,255,,,,,,,,,,,,,,
7/26/2025 5:20,158,,,,,,,,,,,,,,
7/26/2025 5:20,159,,,,,,,,,,,,,,
7/26/2025 5:20,160,,,,,,,,,,,,,,
7/26/2025 5:21,160,,,,,,,,,,,,,,
7/26/2025 5:21,159,,,,,,,,,,,,,,
7/26/2025 5:21,159,,,,,,,,,,,,,,
7/26/2025 5:21,160,,,,,,,,,,,,,,
7/26/2025 5:22,159,,,,,,,,,,,,,,
7/26/2025 5:22,158,,,,,,,,,,,,,,
7/26/2025 5:22,159,,,,,,,,,,,,,,
7/26/2025 5:23,159,,,,,,,,,,,,,,
7/26/2025 5:23,160,,,,,,,,,,,,,,
7/26/2025 5:23,159,,,,,,,,,,,,,,
7/26/2025 5:24,159,,,,,,,,,,,,,,
7/26/2025 5:24,159,,,,,,,,,,,,,,
7/26/2025 5:24,159,,,,,,,,,,,,,,
7/26/2025 5:24,159,,,,,,,,,,,,,,
7/26/2025 5:25,159,,,,,,,,,,,,,,
7/26/2025 5:25,159,,,,,,,,,,,,,,
7/26/2025 5:25,159,,,,,,,,,,,,,,
7/26/2025 5:25,159,,,,,,,,,,,,,,
7/26/2025 5:26,159,,,,,,,,,,,,,,
7/26/2025 5:26,159,,,,,,,,,,,,,,
7/26/2025 5:26,158,,,,,,,,,,,,,,
7/26/2025 5:26,159,,,,,,,,,,,,,,
7/26/2025 5:27,158,,,,,,,,,,,,,,
7/26/2025 5:27,158,,,,,,,,,,,,,,
7/26/2025 5:27,158,,,,,,,,,,,,,,
7/26/2025 5:27,158,,,,,,,,,,,,,,
7/26/2025 5:28,158,,,,,,,,,,,,,,
7/26/2025 5:28,158,,,,,,,,,,,,,,
7/26/2025 5:28,158,,,,,,,,,,,,,,
7/26/2025 5:28,162,,,,,,,,,,,,,,
7/26/2025 5:29,157,,,,,,,,,,,,,,
7/26/2025 5:29,159,,,,,,,,,,,,,,
7/26/2025 5:29,158,,,,,,,,,,,,,,
7/26/2025 5:29,162,,,,,,,,,,,,,,
7/26/2025 5:30,158,,,,,,,,,,,,,,
7/26/2025 5:30,158,,,,,,,,,,,,,,
7/26/2025 5:30,157,,,,,,,,,,,,,,
7/26/2025 5:30,157,,,,,,,,,,,,,,
7/26/2025 5:31,158,,,,,,,,,,,,,,
7/26/2025 5:31,157,,,,,,,,,,,,,,
7/26/2025 5:31,157,,,,,,,,,,,,,,
7/26/2025 5:31,162,,,,,,,,,,,,,,
7/26/2025 5:32,158,,,,,,,,,,,,,,
7/26/2025 5:32,158,,,,,,,,,,,,,,
7/26/2025 5:32,158,,,,,,,,,,,,,,
7/26/2025 5:32,158,,,,,,,,,,,,,,
7/26/2025 5:33,264,,,,,,,,,,,,,,
7/26/2025 5:33,243,,,,,,,,,,,,,,
7/26/2025 5:33,242,,,,,,,,,,,,,,
7/26/2025 5:33,244,,,,,,,,,,,,,,
7/26/2025 5:34,241,,,,,,,,,,,,,,
7/26/2025 5:34,239,,,,,,,,,,,,,,
7/26/2025 5:34,237,,,,,,,,,,,,,,
7/26/2025 5:34,239,,,,,,,,,,,,,,
7/26/2025 5:35,237,,,,,,,,,,,,,,
7/26/2025 5:35,212,,,,,,,,,,,,,,
7/26/2025 5:35,187,,,,,,,,,,,,,,
7/26/2025 5:36,187,,,,,,,,,,,,,,
7/26/2025 5:36,185,,,,,,,,,,,,,,
7/26/2025 5:36,185,,,,,,,,,,,,,,
7/26/2025 5:37,185,,,,,,,,,,,,,,
7/26/2025 5:37,183,,,,,,,,,,,,,,
7/26/2025 5:37,182,,,,,,,,,,,,,,
7/26/2025 5:37,185,,,,,,,,,,,,,,
7/26/2025 5:38,184,,,,,,,,,,,,,,
7/26/2025 5:38,183,,,,,,,,,,,,,,
7/26/2025 5:38,184,,,,,,,,,,,,,,
7/26/2025 5:38,183,,,,,,,,,,,,,,
7/26/2025 5:39,181,,,,,,,,,,,,,,
7/26/2025 5:39,192,,,,,,,,,,,,,,
7/26/2025 5:39,146,,,,,,,,,,,,,,
7/26/2025 5:40,110,,,,,,,,,,,,,,
7/26/2025 5:40,110,,,,,,,,,,,,,,
7/26/2025 5:40,110,,,,,,,,,,,,,,
7/26/2025 5:40,111,,,,,,,,,,,,,,
7/26/2025 5:41,110,,,,,,,,,,,,,,
7/26/2025 5:41,110,,,,,,,,,,,,,,
7/26/2025 5:42,110,,,,,,,,,,,,,,
7/26/2025 5:42,117,,,,,,,,,,,,,,
7/26/2025 5:42,110,,,,,,,,,,,,,,
7/26/2025 5:42,111,,,,,,,,,,,,,,
7/26/2025 5:42,113,,,,,,,,,,,,,,
7/26/2025 5:43,109,,,,,,,,,,,,,,
7/26/2025 5:43,110,,,,,,,,,,,,,,
7/26/2025 5:43,110,,,,,,,,,,,,,,
7/26/2025 5:43,110,,,,,,,,,,,,,,
7/26/2025 5:44,110,,,,,,,,,,,,,,
7/26/2025 5:44,110,,,,,,,,,,,,,,
7/26/2025 5:44,110,,,,,,,,,,,,,,
7/26/2025 5:45,109,,,,,,,,,,,,,,
7/26/2025 5:45,109,,,,,,,,,,,,,,
7/26/2025 5:45,109,,,,,,,,,,,,,,
7/26/2025 5:45,109,,,,,,,,,,,,,,
7/26/2025 5:46,109,,,,,,,,,,,,,,
7/26/2025 5:46,108,,,,,,,,,,,,,,
7/26/2025 5:46,109,,,,,,,,,,,,,,
7/26/2025 5:46,108,,,,,,,,,,,,,,
7/26/2025 5:47,108,,,,,,,,,,,,,,
7/26/2025 5:47,109,,,,,,,,,,,,,,
7/26/2025 5:47,108,,,,,,,,,,,,,,
7/26/2025 5:47,109,,,,,,,,,,,,,,
7/26/2025 5:48,118,,,,,,,,,,,,,,
7/26/2025 5:48,110,,,,,,,,,,,,,,
7/26/2025 5:48,109,,,,,,,,,,,,,,
7/26/2025 5:48,108,,,,,,,,,,,,,,
7/26/2025 5:48,107,,,,,,,,,,,,,,
7/26/2025 5:49,108,,,,,,,,,,,,,,
7/26/2025 5:49,107,,,,,,,,,,,,,,
7/26/2025 5:49,113,,,,,,,,,,,,,,
7/26/2025 5:49,108,,,,,,,,,,,,,,
7/26/2025 5:50,108,,,,,,,,,,,,,,
7/26/2025 5:50,114,,,,,,,,,,,,,,
7/26/2025 5:50,109,,,,,,,,,,,,,,
7/26/2025 5:50,109,,,,,,,,,,,,,,
7/26/2025 5:51,109,,,,,,,,,,,,,,
7/26/2025 5:51,109,,,,,,,,,,,,,,
7/26/2025 5:51,112,,,,,,,,,,,,,,
7/26/2025 5:52,108,,,,,,,,,,,,,,
7/26/2025 5:52,108,,,,,,,,,,,,,,
7/26/2025 5:52,763,,,,,,,,,,,,,,
7/26/2025 5:52,192,,,,,,,,,,,,,,
7/26/2025 5:52,193,,,,,,,,,,,,,,
7/26/2025 5:53,195,,,,,,,,,,,,,,
7/26/2025 5:53,200,,,,,,,,,,,,,,
7/26/2025 5:53,192,,,,,,,,,,,,,,
7/26/2025 5:53,190,,,,,,,,,,,,,,
7/26/2025 5:54,189,,,,,,,,,,,,,,
7/26/2025 5:54,187,,,,,,,,,,,,,,
7/26/2025 5:54,186,,,,,,,,,,,,,,
7/26/2025 5:55,185,,,,,,,,,,,,,,
7/26/2025 5:55,185,,,,,,,,,,,,,,
7/26/2025 5:55,184,,,,,,,,,,,,,,
7/26/2025 5:55,182,,,,,,,,,,,,,,
7/26/2025 5:56,221,,,,,,,,,,,,,,
7/26/2025 5:56,184,,,,,,,,,,,,,,
7/26/2025 5:56,183,,,,,,,,,,,,,,
7/26/2025 5:57,191,,,,,,,,,,,,,,
7/26/2025 5:57,182,,,,,,,,,,,,,,
7/26/2025 5:57,183,,,,,,,,,,,,,,
7/26/2025 5:57,183,,,,,,,,,,,,,,
7/26/2025 5:58,183,,,,,,,,,,,,,,
7/26/2025 5:58,194,,,,,,,,,,,,,,
7/26/2025 5:58,183,,,,,,,,,,,,,,
7/26/2025 5:58,182,,,,,,,,,,,,,,
7/26/2025 5:58,118,,,,,,,,,,,,,,
7/26/2025 5:59,109,,,,,,,,,,,,,,
7/26/2025 5:59,109,,,,,,,,,,,,,,
7/26/2025 5:59,109,,,,,,,,,,,,,,
7/26/2025 5:59,113,,,,,,,,,,,,,,
7/26/2025 6:00,109,,,,,,,,,,,,,,
7/26/2025 6:00,109,,,,,,,,,,,,,,
7/26/2025 6:00,109,,,,,,,,,,,,,,
7/26/2025 6:01,110,,,,,,,,,,,,,,
7/26/2025 6:01,109,,,,,,,,,,,,,,
7/26/2025 6:01,109,,,,,,,,,,,,,,
7/26/2025 6:01,108,,,,,,,,,,,,,,
7/26/2025 6:02,108,,,,,,,,,,,,,,
7/26/2025 6:02,115,,,,,,,,,,,,,,
7/26/2025 6:02,109,,,,,,,,,,,,,,
7/26/2025 6:02,111,,,,,,,,,,,,,,
7/26/2025 6:02,109,,,,,,,,,,,,,,
7/26/2025 6:03,108,,,,,,,,,,,,,,
7/26/2025 6:03,109,,,,,,,,,,,,,,
7/26/2025 6:03,110,,,,,,,,,,,,,,
7/26/2025 6:04,109,,,,,,,,,,,,,,
7/26/2025 6:04,109,,,,,,,,,,,,,,
7/26/2025 6:04,110,,,,,,,,,,,,,,
7/26/2025 6:04,109,,,,,,,,,,,,,,
7/26/2025 6:05,110,,,,,,,,,,,,,,
7/26/2025 6:05,108,,,,,,,,,,,,,,
7/26/2025 6:05,109,,,,,,,,,,,,,,
7/26/2025 6:05,108,,,,,,,,,,,,,,
7/26/2025 6:06,109,,,,,,,,,,,,,,
7/26/2025 6:06,109,,,,,,,,,,,,,,
7/26/2025 6:06,109,,,,,,,,,,,,,,
7/26/2025 6:06,109,,,,,,,,,,,,,,
7/26/2025 6:07,107,,,,,,,,,,,,,,
7/26/2025 6:07,108,,,,,,,,,,,,,,
7/26/2025 6:07,109,,,,,,,,,,,,,,
7/26/2025 6:07,109,,,,,,,,,,,,,,
7/26/2025 6:08,108,,,,,,,,,,,,,,
7/26/2025 6:08,109,,,,,,,,,,,,,,
7/26/2025 6:08,107,,,,,,,,,,,,,,
7/26/2025 6:08,109,,,,,,,,,,,,,,
7/26/2025 6:08,109,,,,,,,,,,,,,,
7/26/2025 6:09,105,,,,,,,,,,,,,,
7/26/2025 6:09,110,,,,,,,,,,,,,,
7/26/2025 6:09,109,,,,,,,,,,,,,,
7/26/2025 6:10,109,,,,,,,,,,,,,,
7/26/2025 6:10,110,,,,,,,,,,,,,,
7/26/2025 6:10,110,,,,,,,,,,,,,,
7/26/2025 6:10,688,,,,,,,,,,,,,,
7/26/2025 6:11,221,,,,,,,,,,,,,,
7/26/2025 6:11,251,,,,,,,,,,,,,,
7/26/2025 6:11,248,,,,,,,,,,,,,,
7/26/2025 6:12,287,,,,,,,,,,,,,,
7/26/2025 6:12,314,,,,,,,,,,,,,,
7/26/2025 6:12,309,,,,,,,,,,,,,,
7/26/2025 6:13,308,,,,,,,,,,,,,,
7/26/2025 6:13,307,,,,,,,,,,,,,,
7/26/2025 6:13,307,,,,,,,,,,,,,,
7/26/2025 6:13,308,,,,,,,,,,,,,,
7/26/2025 6:14,307,,,,,,,,,,,,,,
7/26/2025 6:14,306,,,,,,,,,,,,,,
7/26/2025 6:14,306,,,,,,,,,,,,,,
7/26/2025 6:14,316,,,,,,,,,,,,,,
7/26/2025 6:15,305,,,,,,,,,,,,,,
7/26/2025 6:15,305,,,,,,,,,,,,,,
7/26/2025 6:15,304,,,,,,,,,,,,,,
7/26/2025 6:15,304,,,,,,,,,,,,,,
7/26/2025 6:16,305,,,,,,,,,,,,,,
7/26/2025 6:16,303,,,,,,,,,,,,,,
7/26/2025 6:16,303,,,,,,,,,,,,,,
7/26/2025 6:16,301,,,,,,,,,,,,,,
7/26/2025 6:17,300,,,,,,,,,,,,,,
7/26/2025 6:17,230,,,,,,,,,,,,,,
7/26/2025 6:17,345,,,,,,,,,,,,,,
7/26/2025 6:17,334,,,,,,,,,,,,,,
7/26/2025 6:18,332,,,,,,,,,,,,,,
7/26/2025 6:18,328,,,,,,,,,,,,,,
7/26/2025 6:18,323,,,,,,,,,,,,,,
7/26/2025 6:18,323,,,,,,,,,,,,,,
7/26/2025 6:19,323,,,,,,,,,,,,,,
7/26/2025 6:19,324,,,,,,,,,,,,,,
7/26/2025 6:19,326,,,,,,,,,,,,,,
7/26/2025 6:19,324,,,,,,,,,,,,,,
7/26/2025 6:20,324,,,,,,,,,,,,,,
7/26/2025 6:20,323,,,,,,,,,,,,,,
7/26/2025 6:20,322,,,,,,,,,,,,,,
7/26/2025 6:21,323,,,,,,,,,,,,,,
7/26/2025 6:21,320,,,,,,,,,,,,,,
7/26/2025 6:21,321,,,,,,,,,,,,,,
7/26/2025 6:21,319,,,,,,,,,,,,,,
7/26/2025 6:22,320,,,,,,,,,,,,,,
7/26/2025 6:22,318,,,,,,,,,,,,,,
7/26/2025 6:22,319,,,,,,,,,,,,,,
7/26/2025 6:22,319,,,,,,,,,,,,,,
7/26/2025 6:23,318,,,,,,,,,,,,,,
7/26/2025 6:23,320,,,,,,,,,,,,,,
7/26/2025 6:23,321,,,,,,,,,,,,,,
7/26/2025 6:23,319,,,,,,,,,,,,,,
7/26/2025 6:24,319,,,,,,,,,,,,,,
7/26/2025 6:24,315,,,,,,,,,,,,,,
7/26/2025 6:24,314,,,,,,,,,,,,,,
7/26/2025 6:24,315,,,,,,,,,,,,,,
7/26/2025 6:25,312,,,,,,,,,,,,,,
7/26/2025 6:25,312,,,,,,,,,,,,,,
7/26/2025 6:25,310,,,,,,,,,,,,,,
7/26/2025 6:25,310,,,,,,,,,,,,,,
7/26/2025 6:26,311,,,,,,,,,,,,,,
7/26/2025 6:26,307,,,,,,,,,,,,,,
7/26/2025 6:26,307,,,,,,,,,,,,,,
7/26/2025 6:27,301,,,,,,,,,,,,,,
7/26/2025 6:27,307,,,,,,,,,,,,,,
7/26/2025 6:27,304,,,,,,,,,,,,,,
7/26/2025 6:28,303,,,,,,,,,,,,,,
7/26/2025 6:28,303,,,,,,,,,,,,,,
7/26/2025 6:28,303,,,,,,,,,,,,,,
7/26/2025 6:28,305,,,,,,,,,,,,,,
7/26/2025 6:29,395,,,,,,,,,,,,,,
7/26/2025 6:29,386,,,,,,,,,,,,,,
7/26/2025 6:29,389,,,,,,,,,,,,,,
7/26/2025 6:29,388,,,,,,,,,,,,,,
7/26/2025 6:30,386,,,,,,,,,,,,,,
7/26/2025 6:30,385,,,,,,,,,,,,,,
7/26/2025 6:30,380,,,,,,,,,,,,,,
7/26/2025 6:30,315,,,,,,,,,,,,,,
7/26/2025 6:31,315,,,,,,,,,,,,,,
7/26/2025 6:31,311,,,,,,,,,,,,,,
7/26/2025 6:31,307,,,,,,,,,,,,,,
7/26/2025 6:31,308,,,,,,,,,,,,,,
7/26/2025 6:32,308,,,,,,,,,,,,,,
7/26/2025 6:32,307,,,,,,,,,,,,,,
7/26/2025 6:32,308,,,,,,,,,,,,,,
7/26/2025 6:32,305,,,,,,,,,,,,,,
7/26/2025 6:33,303,,,,,,,,,,,,,,
7/26/2025 6:33,301,,,,,,,,,,,,,,
7/26/2025 6:33,302,,,,,,,,,,,,,,
7/26/2025 6:34,300,,,,,,,,,,,,,,
7/26/2025 6:34,299,,,,,,,,,,,,,,
7/26/2025 6:34,301,,,,,,,,,,,,,,
7/26/2025 6:34,303,,,,,,,,,,,,,,
7/26/2025 6:35,302,,,,,,,,,,,,,,
7/26/2025 6:35,229,,,,,,,,,,,,,,
7/26/2025 6:35,227,,,,,,,,,,,,,,
7/26/2025 6:35,227,,,,,,,,,,,,,,
7/26/2025 6:36,225,,,,,,,,,,,,,,
7/26/2025 6:36,227,,,,,,,,,,,,,,
7/26/2025 6:36,227,,,,,,,,,,,,,,
7/26/2025 6:36,226,,,,,,,,,,,,,,
7/26/2025 6:37,226,,,,,,,,,,,,,,
7/26/2025 6:37,226,,,,,,,,,,,,,,
7/26/2025 6:37,225,,,,,,,,,,,,,,
7/26/2025 6:37,223,,,,,,,,,,,,,,
7/26/2025 6:38,224,,,,,,,,,,,,,,
7/26/2025 6:38,224,,,,,,,,,,,,,,
7/26/2025 6:38,225,,,,,,,,,,,,,,
7/26/2025 6:38,229,,,,,,,,,,,,,,
7/26/2025 6:39,223,,,,,,,,,,,,,,
7/26/2025 6:39,223,,,,,,,,,,,,,,
7/26/2025 6:39,221,,,,,,,,,,,,,,
7/26/2025 6:39,222,,,,,,,,,,,,,,
7/26/2025 6:40,222,,,,,,,,,,,,,,
7/26/2025 6:40,222,,,,,,,,,,,,,,
7/26/2025 6:40,221,,,,,,,,,,,,,,
7/26/2025 6:40,212,,,,,,,,,,,,,,
7/26/2025 6:41,219,,,,,,,,,,,,,,
7/26/2025 6:41,218,,,,,,,,,,,,,,
7/26/2025 6:41,218,,,,,,,,,,,,,,
7/26/2025 6:41,217,,,,,,,,,,,,,,
7/26/2025 6:42,217,,,,,,,,,,,,,,
7/26/2025 6:42,218,,,,,,,,,,,,,,
7/26/2025 6:42,217,,,,,,,,,,,,,,
7/26/2025 6:42,223,,,,,,,,,,,,,,
7/26/2025 6:43,194,,,,,,,,,,,,,,
7/26/2025 6:43,169,,,,,,,,,,,,,,
7/26/2025 6:43,177,,,,,,,,,,,,,,
7/26/2025 6:43,168,,,,,,,,,,,,,,
7/26/2025 6:43,176,,,,,,,,,,,,,,
7/26/2025 6:44,167,,,,,,,,,,,,,,
7/26/2025 6:44,168,,,,,,,,,,,,,,
7/26/2025 6:44,169,,,,,,,,,,,,,,
7/26/2025 6:44,178,,,,,,,,,,,,,,
7/26/2025 6:44,169,,,,,,,,,,,,,,
7/26/2025 6:45,170,,,,,,,,,,,,,,
7/26/2025 6:45,168,,,,,,,,,,,,,,
7/26/2025 6:45,178,,,,,,,,,,,,,,
7/26/2025 6:45,167,,,,,,,,,,,,,,
7/26/2025 6:45,168,,,,,,,,,,,,,,
7/26/2025 6:46,169,,,,,,,,,,,,,,
7/26/2025 6:46,168,,,,,,,,,,,,,,
7/26/2025 6:46,167,,,,,,,,,,,,,,
7/26/2025 6:46,259,,,,,,,,,,,,,,
7/26/2025 6:47,253,,,,,,,,,,,,,,
7/26/2025 6:47,253,,,,,,,,,,,,,,
7/26/2025 6:47,252,,,,,,,,,,,,,,
7/26/2025 6:47,252,,,,,,,,,,,,,,
7/26/2025 6:48,248,,,,,,,,,,,,,,
7/26/2025 6:48,246,,,,,,,,,,,,,,
7/26/2025 6:48,244,,,,,,,,,,,,,,
7/26/2025 6:49,243,,,,,,,,,,,,,,
7/26/2025 6:49,242,,,,,,,,,,,,,,
7/26/2025 6:49,239,,,,,,,,,,,,,,
7/26/2025 6:49,244,,,,,,,,,,,,,,
7/26/2025 6:50,238,,,,,,,,,,,,,,
7/26/2025 6:50,237,,,,,,,,,,,,,,
7/26/2025 6:50,239,,,,,,,,,,,,,,
7/26/2025 6:50,240,,,,,,,,,,,,,,
7/26/2025 6:51,238,,,,,,,,,,,,,,
7/26/2025 6:51,239,,,,,,,,,,,,,,
7/26/2025 6:51,239,,,,,,,,,,,,,,
7/26/2025 6:51,239,,,,,,,,,,,,,,
7/26/2025 6:52,237,,,,,,,,,,,,,,
7/26/2025 6:52,245,,,,,,,,,,,,,,
7/26/2025 6:52,236,,,,,,,,,,,,,,
7/26/2025 6:52,235,,,,,,,,,,,,,,
7/26/2025 6:53,163,,,,,,,,,,,,,,
7/26/2025 6:53,165,,,,,,,,,,,,,,
7/26/2025 6:53,172,,,,,,,,,,,,,,
7/26/2025 6:53,163,,,,,,,,,,,,,,
7/26/2025 6:53,164,,,,,,,,,,,,,,
7/26/2025 6:54,163,,,,,,,,,,,,,,
7/26/2025 6:54,163,,,,,,,,,,,,,,
7/26/2025 6:54,164,,,,,,,,,,,,,,
7/26/2025 6:54,163,,,,,,,,,,,,,,
7/26/2025 6:55,162,,,,,,,,,,,,,,
7/26/2025 6:55,164,,,,,,,,,,,,,,
7/26/2025 6:55,161,,,,,,,,,,,,,,
7/26/2025 6:55,161,,,,,,,,,,,,,,
7/26/2025 6:56,197,,,,,,,,,,,,,,
7/26/2025 6:56,161,,,,,,,,,,,,,,
7/26/2025 6:56,165,,,,,,,,,,,,,,
7/26/2025 6:56,165,,,,,,,,,,,,,,
7/26/2025 6:56,160,,,,,,,,,,,,,,
7/26/2025 6:57,217,,,,,,,,,,,,,,
7/26/2025 6:57,225,,,,,,,,,,,,,,
7/26/2025 6:57,221,,,,,,,,,,,,,,
7/26/2025 6:57,219,,,,,,,,,,,,,,
7/26/2025 6:58,219,,,,,,,,,,,,,,
7/26/2025 6:58,219,,,,,,,,,,,,,,
7/26/2025 6:58,218,,,,,,,,,,,,,,
7/26/2025 6:58,219,,,,,,,,,,,,,,
7/26/2025 6:59,219,,,,,,,,,,,,,,
7/26/2025 6:59,226,,,,,,,,,,,,,,
7/26/2025 6:59,217,,,,,,,,,,,,,,
7/26/2025 7:00,219,,,,,,,,,,,,,,
7/26/2025 7:00,219,,,,,,,,,,,,,,
7/26/2025 7:00,219,,,,,,,,,,,,,,
7/26/2025 7:01,184,,,,,,,,,,,,,,
7/26/2025 7:01,149,,,,,,,,,,,,,,
7/26/2025 7:01,149,,,,,,,,,,,,,,
7/26/2025 7:01,149,,,,,,,,,,,,,,
7/26/2025 7:02,147,,,,,,,,,,,,,,
7/26/2025 7:02,148,,,,,,,,,,,,,,
7/26/2025 7:02,149,,,,,,,,,,,,,,
7/26/2025 7:02,148,,,,,,,,,,,,,,
7/26/2025 7:03,149,,,,,,,,,,,,,,
7/26/2025 7:03,149,,,,,,,,,,,,,,
7/26/2025 7:03,148,,,,,,,,,,,,,,
7/26/2025 7:03,254,,,,,,,,,,,,,,
7/26/2025 7:03,232,,,,,,,,,,,,,,
7/26/2025 7:04,234,,,,,,,,,,,,,,
7/26/2025 7:04,232,,,,,,,,,,,,,,
7/26/2025 7:04,233,,,,,,,,,,,,,,
7/26/2025 7:05,227,,,,,,,,,,,,,,
7/26/2025 7:05,228,,,,,,,,,,,,,,
7/26/2025 7:05,229,,,,,,,,,,,,,,
7/26/2025 7:06,220,,,,,,,,,,,,,,
7/26/2025 7:06,226,,,,,,,,,,,,,,
7/26/2025 7:06,220,,,,,,,,,,,,,,
7/26/2025 7:06,229,,,,,,,,,,,,,,
7/26/2025 7:06,223,,,,,,,,,,,,,,
7/26/2025 7:07,234,,,,,,,,,,,,,,
7/26/2025 7:07,222,,,,,,,,,,,,,,
7/26/2025 7:07,224,,,,,,,,,,,,,,
7/26/2025 7:07,224,,,,,,,,,,,,,,
7/26/2025 7:07,222,,,,,,,,,,,,,,
7/26/2025 7:08,221,,,,,,,,,,,,,,
7/26/2025 7:08,220,,,,,,,,,,,,,,
7/26/2025 7:08,220,,,,,,,,,,,,,,
7/26/2025 7:09,221,,,,,,,,,,,,,,
7/26/2025 7:09,228,,,,,,,,,,,,,,
7/26/2025 7:09,219,,,,,,,,,,,,,,
7/26/2025 7:09,217,,,,,,,,,,,,,,
7/26/2025 7:10,185,,,,,,,,,,,,,,
7/26/2025 7:10,143,,,,,,,,,,,,,,
7/26/2025 7:10,142,,,,,,,,,,,,,,
7/26/2025 7:10,141,,,,,,,,,,,,,,
7/26/2025 7:11,140,,,,,,,,,,,,,,
7/26/2025 7:11,143,,,,,,,,,,,,,,
7/26/2025 7:11,141,,,,,,,,,,,,,,
7/26/2025 7:12,141,,,,,,,,,,,,,,
7/26/2025 7:12,143,,,,,,,,,,,,,,
7/26/2025 7:12,138,,,,,,,,,,,,,,
7/26/2025 7:12,139,,,,,,,,,,,,,,
7/26/2025 7:13,140,,,,,,,,,,,,,,
7/26/2025 7:13,139,,,,,,,,,,,,,,
7/26/2025 7:13,139,,,,,,,,,,,,,,
7/26/2025 7:13,139,,,,,,,,,,,,,,
7/26/2025 7:14,138,,,,,,,,,,,,,,
7/26/2025 7:14,137,,,,,,,,,,,,,,
7/26/2025 7:14,137,,,,,,,,,,,,,,
7/26/2025 7:14,155,,,,,,,,,,,,,,
7/26/2025 7:15,162,,,,,,,,,,,,,,
7/26/2025 7:15,142,,,,,,,,,,,,,,
7/26/2025 7:15,138,,,,,,,,,,,,,,
7/26/2025 7:15,134,,,,,,,,,,,,,,
7/26/2025 7:15,136,,,,,,,,,,,,,,
7/26/2025 7:16,134,,,,,,,,,,,,,,
7/26/2025 7:16,135,,,,,,,,,,,,,,
7/26/2025 7:16,132,,,,,,,,,,,,,,
7/26/2025 7:17,130,,,,,,,,,,,,,,
7/26/2025 7:17,132,,,,,,,,,,,,,,
7/26/2025 7:17,128,,,,,,,,,,,,,,
7/26/2025 7:17,129,,,,,,,,,,,,,,
7/26/2025 7:18,129,,,,,,,,,,,,,,
7/26/2025 7:18,127,,,,,,,,,,,,,,
7/26/2025 7:18,128,,,,,,,,,,,,,,
7/26/2025 7:18,178,,,,,,,,,,,,,,
7/26/2025 7:18,178,,,,,,,,,,,,,,
7/26/2025 7:18,1109,,,,,,,,,,,,,,
7/26/2025 7:19,230,,,,,,,,,,,,,,
7/26/2025 7:19,231,,,,,,,,,,,,,,
7/26/2025 7:19,232,,,,,,,,,,,,,,
7/26/2025 7:19,231,,,,,,,,,,,,,,
7/26/2025 7:20,231,,,,,,,,,,,,,,
7/26/2025 7:20,233,,,,,,,,,,,,,,
7/26/2025 7:20,233,,,,,,,,,,,,,,
7/26/2025 7:20,232,,,,,,,,,,,,,,
7/26/2025 7:21,230,,,,,,,,,,,,,,
7/26/2025 7:21,234,,,,,,,,,,,,,,
7/26/2025 7:21,232,,,,,,,,,,,,,,
7/26/2025 7:21,228,,,,,,,,,,,,,,
7/26/2025 7:22,226,,,,,,,,,,,,,,
7/26/2025 7:22,229,,,,,,,,,,,,,,
7/26/2025 7:22,220,,,,,,,,,,,,,,
7/26/2025 7:22,1461,,,,,,,,,,,,,,
7/26/2025 7:22,317,,,,,,,,,,,,,,
7/26/2025 7:23,312,,,,,,,,,,,,,,
7/26/2025 7:23,310,,,,,,,,,,,,,,
7/26/2025 7:23,307,,,,,,,,,,,,,,
7/26/2025 7:23,302,,,,,,,,,,,,,,
7/26/2025 7:24,301,,,,,,,,,,,,,,
7/26/2025 7:24,295,,,,,,,,,,,,,,
7/26/2025 7:24,294,,,,,,,,,,,,,,
7/26/2025 7:24,294,,,,,,,,,,,,,,
7/26/2025 7:25,332,,,,,,,,,,,,,,
7/26/2025 7:25,361,,,,,,,,,,,,,,
7/26/2025 7:25,355,,,,,,,,,,,,,,
7/26/2025 7:26,359,,,,,,,,,,,,,,
7/26/2025 7:26,353,,,,,,,,,,,,,,
7/26/2025 7:26,353,,,,,,,,,,,,,,
7/26/2025 7:26,354,,,,,,,,,,,,,,
7/26/2025 7:27,352,,,,,,,,,,,,,,
7/26/2025 7:27,352,,,,,,,,,,,,,,
7/26/2025 7:27,349,,,,,,,,,,,,,,
7/26/2025 7:27,352,,,,,,,,,,,,,,
7/26/2025 7:28,352,,,,,,,,,,,,,,
7/26/2025 7:28,353,,,,,,,,,,,,,,
7/26/2025 7:28,351,,,,,,,,,,,,,,
7/26/2025 7:28,349,,,,,,,,,,,,,,
7/26/2025 7:29,350,,,,,,,,,,,,,,
7/26/2025 7:29,349,,,,,,,,,,,,,,
7/26/2025 7:29,275,,,,,,,,,,,,,,
7/26/2025 7:29,276,,,,,,,,,,,,,,
7/26/2025 7:30,277,,,,,,,,,,,,,,
7/26/2025 7:30,276,,,,,,,,,,,,,,
7/26/2025 7:30,274,,,,,,,,,,,,,,
7/26/2025 7:30,272,,,,,,,,,,,,,,
7/26/2025 7:31,272,,,,,,,,,,,,,,
7/26/2025 7:31,274,,,,,,,,,,,,,,
7/26/2025 7:31,272,,,,,,,,,,,,,,
7/26/2025 7:31,271,,,,,,,,,,,,,,
7/26/2025 7:32,272,,,,,,,,,,,,,,
7/26/2025 7:32,272,,,,,,,,,,,,,,
7/26/2025 7:32,268,,,,,,,,,,,,,,
7/26/2025 7:32,269,,,,,,,,,,,,,,
7/26/2025 7:33,268,,,,,,,,,,,,,,
7/26/2025 7:33,267,,,,,,,,,,,,,,
7/26/2025 7:33,265,,,,,,,,,,,,,,
7/26/2025 7:33,267,,,,,,,,,,,,,,
7/26/2025 7:34,266,,,,,,,,,,,,,,
7/26/2025 7:34,265,,,,,,,,,,,,,,
7/26/2025 7:34,265,,,,,,,,,,,,,,
7/26/2025 7:34,265,,,,,,,,,,,,,,
7/26/2025 7:34,261,,,,,,,,,,,,,,
7/26/2025 7:35,264,,,,,,,,,,,,,,
7/26/2025 7:35,263,,,,,,,,,,,,,,
7/26/2025 7:35,261,,,,,,,,,,,,,,
7/26/2025 7:35,261,,,,,,,,,,,,,,
7/26/2025 7:36,257,,,,,,,,,,,,,,
7/26/2025 7:36,255,,,,,,,,,,,,,,
7/26/2025 7:36,256,,,,,,,,,,,,,,
7/26/2025 7:37,256,,,,,,,,,,,,,,
7/26/2025 7:37,254,,,,,,,,,,,,,,
7/26/2025 7:37,253,,,,,,,,,,,,,,
7/26/2025 7:37,255,,,,,,,,,,,,,,
7/26/2025 7:38,253,,,,,,,,,,,,,,
7/26/2025 7:38,252,,,,,,,,,,,,,,
7/26/2025 7:38,253,,,,,,,,,,,,,,
7/26/2025 7:38,252,,,,,,,,,,,,,,
7/26/2025 7:39,250,,,,,,,,,,,,,,
7/26/2025 7:39,249,,,,,,,,,,,,,,
7/26/2025 7:39,248,,,,,,,,,,,,,,
7/26/2025 7:40,248,,,,,,,,,,,,,,
7/26/2025 7:40,247,,,,,,,,,,,,,,
7/26/2025 7:40,244,,,,,,,,,,,,,,
7/26/2025 7:40,247,,,,,,,,,,,,,,
7/26/2025 7:41,247,,,,,,,,,,,,,,
7/26/2025 7:41,248,,,,,,,,,,,,,,
7/26/2025 7:41,248,,,,,,,,,,,,,,
7/26/2025 7:41,196,,,,,,,,,,,,,,
7/26/2025 7:41,195,,,,,,,,,,,,,,
7/26/2025 7:42,196,,,,,,,,,,,,,,
7/26/2025 7:42,192,,,,,,,,,,,,,,
7/26/2025 7:42,193,,,,,,,,,,,,,,
7/26/2025 7:42,298,,,,,,,,,,,,,,
7/26/2025 7:43,280,,,,,,,,,,,,,,
7/26/2025 7:43,277,,,,,,,,,,,,,,
7/26/2025 7:43,277,,,,,,,,,,,,,,
7/26/2025 7:43,212,,,,,,,,,,,,,,
7/26/2025 7:44,210,,,,,,,,,,,,,,
7/26/2025 7:44,206,,,,,,,,,,,,,,
7/26/2025 7:44,205,,,,,,,,,,,,,,
7/26/2025 7:44,202,,,,,,,,,,,,,,
7/26/2025 7:45,202,,,,,,,,,,,,,,
7/26/2025 7:45,206,,,,,,,,,,,,,,
7/26/2025 7:45,201,,,,,,,,,,,,,,
7/26/2025 7:46,201,,,,,,,,,,,,,,
7/26/2025 7:46,201,,,,,,,,,,,,,,
7/26/2025 7:46,199,,,,,,,,,,,,,,
7/26/2025 7:46,200,,,,,,,,,,,,,,
7/26/2025 7:47,198,,,,,,,,,,,,,,
7/26/2025 7:47,199,,,,,,,,,,,,,,
7/26/2025 7:47,199,,,,,,,,,,,,,,
7/26/2025 7:48,197,,,,,,,,,,,,,,
7/26/2025 7:48,199,,,,,,,,,,,,,,
7/26/2025 7:48,198,,,,,,,,,,,,,,
7/26/2025 7:48,196,,,,,,,,,,,,,,
7/26/2025 7:49,196,,,,,,,,,,,,,,
7/26/2025 7:49,199,,,,,,,,,,,,,,
7/26/2025 7:49,199,,,,,,,,,,,,,,
7/26/2025 7:49,200,,,,,,,,,,,,,,
7/26/2025 7:50,126,,,,,,,,,,,,,,
7/26/2025 7:50,126,,,,,,,,,,,,,,
7/26/2025 7:50,127,,,,,,,,,,,,,,
7/26/2025 7:50,128,,,,,,,,,,,,,,
7/26/2025 7:51,128,,,,,,,,,,,,,,
7/26/2025 7:51,128,,,,,,,,,,,,,,
7/26/2025 7:51,132,,,,,,,,,,,,,,
7/26/2025 7:51,80.3,,,,,,,,,,,,,,
7/26/2025 7:52,81.4,,,,,,,,,,,,,,
7/26/2025 7:52,83.4,,,,,,,,,,,,,,
7/26/2025 7:52,82.9,,,,,,,,,,,,,,
7/26/2025 7:52,83.1,,,,,,,,,,,,,,
7/26/2025 7:53,83.9,,,,,,,,,,,,,,
7/26/2025 7:53,84.7,,,,,,,,,,,,,,
7/26/2025 7:53,85.3,,,,,,,,,,,,,,
7/26/2025 7:54,86.5,,,,,,,,,,,,,,
7/26/2025 7:54,88.3,,,,,,,,,,,,,,
7/26/2025 7:54,89.4,,,,,,,,,,,,,,
7/26/2025 7:54,90.2,,,,,,,,,,,,,,
7/26/2025 7:54,90.8,,,,,,,,,,,,,,
7/26/2025 7:55,93,,,,,,,,,,,,,,
7/26/2025 7:55,91.5,,,,,,,,,,,,,,
7/26/2025 7:55,94.8,,,,,,,,,,,,,,
7/26/2025 7:56,96.8,,,,,,,,,,,,,,
7/26/2025 7:56,98.2,,,,,,,,,,,,,,
7/26/2025 7:56,99.6,,,,,,,,,,,,,,
7/26/2025 7:57,101,,,,,,,,,,,,,,
7/26/2025 7:57,121,,,,,,,,,,,,,,
7/26/2025 7:57,103,,,,,,,,,,,,,,
7/26/2025 7:57,106,,,,,,,,,,,,,,
7/26/2025 7:58,107,,,,,,,,,,,,,,
7/26/2025 7:58,109,,,,,,,,,,,,,,
7/26/2025 7:58,110,,,,,,,,,,,,,,
7/26/2025 7:58,111,,,,,,,,,,,,,,
7/26/2025 7:59,112,,,,,,,,,,,,,,
7/26/2025 7:59,114,,,,,,,,,,,,,,
7/26/2025 7:59,116,,,,,,,,,,,,,,
7/26/2025 7:59,118,,,,,,,,,,,,,,
7/26/2025 8:00,119,,,,,,,,,,,,,,
7/26/2025 8:00,123,,,,,,,,,,,,,,
7/26/2025 8:00,126,,,,,,,,,,,,,,
7/26/2025 8:00,126,,,,,,,,,,,,,,
7/26/2025 8:00,123,,,,,,,,,,,,,,
7/26/2025 8:01,126,,,,,,,,,,,,,,
7/26/2025 8:01,128,,,,,,,,,,,,,,
7/26/2025 8:01,126,,,,,,,,,,,,,,
7/26/2025 8:01,127,,,,,,,,,,,,,,
7/26/2025 8:02,129,,,,,,,,,,,,,,
7/26/2025 8:02,129,,,,,,,,,,,,,,
7/26/2025 8:02,221,,,,,,,,,,,,,,
7/26/2025 8:02,216,,,,,,,,,,,,,,
7/26/2025 8:03,218,,,,,,,,,,,,,,
7/26/2025 8:03,220,,,,,,,,,,,,,,
7/26/2025 8:03,218,,,,,,,,,,,,,,
7/26/2025 8:03,217,,,,,,,,,,,,,,
7/26/2025 8:04,214,,,,,,,,,,,,,,
7/26/2025 8:04,215,,,,,,,,,,,,,,
7/26/2025 8:04,215,,,,,,,,,,,,,,
7/26/2025 8:04,216,,,,,,,,,,,,,,
7/26/2025 8:05,216,,,,,,,,,,,,,,
7/26/2025 8:05,216,,,,,,,,,,,,,,
7/26/2025 8:05,214,,,,,,,,,,,,,,
7/26/2025 8:05,214,,,,,,,,,,,,,,
7/26/2025 8:06,214,,,,,,,,,,,,,,
7/26/2025 8:06,215,,,,,,,,,,,,,,
7/26/2025 8:06,216,,,,,,,,,,,,,,
7/26/2025 8:06,214,,,,,,,,,,,,,,
7/26/2025 8:07,213,,,,,,,,,,,,,,
7/26/2025 8:07,209,,,,,,,,,,,,,,
7/26/2025 8:07,213,,,,,,,,,,,,,,
7/26/2025 8:07,215,,,,,,,,,,,,,,
7/26/2025 8:07,214,,,,,,,,,,,,,,
7/26/2025 8:08,214,,,,,,,,,,,,,,
7/26/2025 8:08,351,,,,,,,,,,,,,,
7/26/2025 8:08,330,,,,,,,,,,,,,,
7/26/2025 8:08,319,,,,,,,,,,,,,,
7/26/2025 8:09,313,,,,,,,,,,,,,,
7/26/2025 8:09,254,,,,,,,,,,,,,,
7/26/2025 8:09,252,,,,,,,,,,,,,,
7/26/2025 8:09,182,,,,,,,,,,,,,,
7/26/2025 8:09,176,,,,,,,,,,,,,,
7/26/2025 8:10,179,,,,,,,,,,,,,,
7/26/2025 8:10,180,,,,,,,,,,,,,,
7/26/2025 8:10,181,,,,,,,,,,,,,,
7/26/2025 8:10,181,,,,,,,,,,,,,,
7/26/2025 8:11,180,,,,,,,,,,,,,,
7/26/2025 8:11,179,,,,,,,,,,,,,,
7/26/2025 8:11,179,,,,,,,,,,,,,,
7/26/2025 8:12,179,,,,,,,,,,,,,,
7/26/2025 8:12,176,,,,,,,,,,,,,,
7/26/2025 8:12,175,,,,,,,,,,,,,,
7/26/2025 8:12,175,,,,,,,,,,,,,,
7/26/2025 8:13,174,,,,,,,,,,,,,,
7/26/2025 8:13,175,,,,,,,,,,,,,,
7/26/2025 8:13,174,,,,,,,,,,,,,,
7/26/2025 8:13,174,,,,,,,,,,,,,,
7/26/2025 8:14,173,,,,,,,,,,,,,,
7/26/2025 8:14,173,,,,,,,,,,,,,,
7/26/2025 8:14,172,,,,,,,,,,,,,,
7/26/2025 8:15,172,,,,,,,,,,,,,,
7/26/2025 8:15,172,,,,,,,,,,,,,,
7/26/2025 8:15,169,,,,,,,,,,,,,,
7/26/2025 8:15,168,,,,,,,,,,,,,,
7/26/2025 8:16,168,,,,,,,,,,,,,,
7/26/2025 8:16,169,,,,,,,,,,,,,,
7/26/2025 8:16,169,,,,,,,,,,,,,,
7/26/2025 8:16,170,,,,,,,,,,,,,,
7/26/2025 8:17,170,,,,,,,,,,,,,,
7/26/2025 8:17,169,,,,,,,,,,,,,,
7/26/2025 8:17,168,,,,,,,,,,,,,,
7/26/2025 8:17,168,,,,,,,,,,,,,,
7/26/2025 8:18,173,,,,,,,,,,,,,,
7/26/2025 8:18,168,,,,,,,,,,,,,,
7/26/2025 8:18,167,,,,,,,,,,,,,,
7/26/2025 8:18,167,,,,,,,,,,,,,,
7/26/2025 8:19,166,,,,,,,,,,,,,,
7/26/2025 8:19,166,,,,,,,,,,,,,,
7/26/2025 8:19,166,,,,,,,,,,,,,,
7/26/2025 8:19,165,,,,,,,,,,,,,,
7/26/2025 8:20,167,,,,,,,,,,,,,,
7/26/2025 8:20,163,,,,,,,,,,,,,,
7/26/2025 8:20,171,,,,,,,,,,,,,,
7/26/2025 8:20,163,,,,,,,,,,,,,,
7/26/2025 8:20,165,,,,,,,,,,,,,,
7/26/2025 8:21,167,,,,,,,,,,,,,,
7/26/2025 8:21,163,,,,,,,,,,,,,,
7/26/2025 8:21,164,,,,,,,,,,,,,,
7/26/2025 8:22,165,,,,,,,,,,,,,,
7/26/2025 8:22,164,,,,,,,,,,,,,,
7/26/2025 8:22,162,,,,,,,,,,,,,,
7/26/2025 8:22,161,,,,,,,,,,,,,,
7/26/2025 8:23,161,,,,,,,,,,,,,,
7/26/2025 8:23,161,,,,,,,,,,,,,,
7/26/2025 8:23,284,,,,,,,,,,,,,,
7/26/2025 8:23,247,,,,,,,,,,,,,,
7/26/2025 8:23,245,,,,,,,,,,,,,,
7/26/2025 8:24,244,,,,,,,,,,,,,,
7/26/2025 8:24,242,,,,,,,,,,,,,,
7/26/2025 8:24,238,,,,,,,,,,,,,,
7/26/2025 8:25,239,,,,,,,,,,,,,,
7/26/2025 8:25,236,,,,,,,,,,,,,,
7/26/2025 8:25,235,,,,,,,,,,,,,,
7/26/2025 8:25,236,,,,,,,,,,,,,,
7/26/2025 8:26,235,,,,,,,,,,,,,,
7/26/2025 8:26,234,,,,,,,,,,,,,,
7/26/2025 8:26,234,,,,,,,,,,,,,,
7/26/2025 8:26,234,,,,,,,,,,,,,,
7/26/2025 8:27,231,,,,,,,,,,,,,,
7/26/2025 8:27,230,,,,,,,,,,,,,,
7/26/2025 8:27,238,,,,,,,,,,,,,,
7/26/2025 8:27,229,,,,,,,,,,,,,,
7/26/2025 8:28,230,,,,,,,,,,,,,,
7/26/2025 8:28,230,,,,,,,,,,,,,,
7/26/2025 8:28,544,,,,,,,,,,,,,,
7/26/2025 8:28,284,,,,,,,,,,,,,,
7/26/2025 8:29,285,,,,,,,,,,,,,,
7/26/2025 8:29,284,,,,,,,,,,,,,,
7/26/2025 8:29,283,,,,,,,,,,,,,,
7/26/2025 8:30,211,,,,,,,,,,,,,,
7/26/2025 8:30,209,,,,,,,,,,,,,,
7/26/2025 8:30,208,,,,,,,,,,,,,,
7/26/2025 8:31,208,,,,,,,,,,,,,,
7/26/2025 8:31,209,,,,,,,,,,,,,,
7/26/2025 8:31,209,,,,,,,,,,,,,,
7/26/2025 8:31,209,,,,,,,,,,,,,,
7/26/2025 8:32,208,,,,,,,,,,,,,,
7/26/2025 8:32,207,,,,,,,,,,,,,,
7/26/2025 8:32,209,,,,,,,,,,,,,,
7/26/2025 8:32,206,,,,,,,,,,,,,,
7/26/2025 8:33,206,,,,,,,,,,,,,,
7/26/2025 8:33,206,,,,,,,,,,,,,,
7/26/2025 8:33,206,,,,,,,,,,,,,,
7/26/2025 8:33,206,,,,,,,,,,,,,,
7/26/2025 8:34,206,,,,,,,,,,,,,,
7/26/2025 8:34,205,,,,,,,,,,,,,,
7/26/2025 8:34,206,,,,,,,,,,,,,,
7/26/2025 8:34,206,,,,,,,,,,,,,,
7/26/2025 8:35,204,,,,,,,,,,,,,,
7/26/2025 8:35,205,,,,,,,,,,,,,,
7/26/2025 8:35,205,,,,,,,,,,,,,,
7/26/2025 8:35,203,,,,,,,,,,,,,,
7/26/2025 8:36,202,,,,,,,,,,,,,,
7/26/2025 8:36,204,,,,,,,,,,,,,,
7/26/2025 8:36,203,,,,,,,,,,,,,,
7/26/2025 8:36,199,,,,,,,,,,,,,,
7/26/2025 8:37,198,,,,,,,,,,,,,,
7/26/2025 8:37,197,,,,,,,,,,,,,,
7/26/2025 8:37,199,,,,,,,,,,,,,,
7/26/2025 8:37,199,,,,,,,,,,,,,,
7/26/2025 8:38,200,,,,,,,,,,,,,,
7/26/2025 8:38,198,,,,,,,,,,,,,,
7/26/2025 8:38,198,,,,,,,,,,,,,,
7/26/2025 8:38,280,,,,,,,,,,,,,,
7/26/2025 8:39,272,,,,,,,,,,,,,,
7/26/2025 8:39,265,,,,,,,,,,,,,,
7/26/2025 8:39,260,,,,,,,,,,,,,,
7/26/2025 8:39,263,,,,,,,,,,,,,,
7/26/2025 8:40,264,,,,,,,,,,,,,,
7/26/2025 8:40,264,,,,,,,,,,,,,,
7/26/2025 8:40,263,,,,,,,,,,,,,,
7/26/2025 8:40,271,,,,,,,,,,,,,,
7/26/2025 8:41,268,,,,,,,,,,,,,,
7/26/2025 8:41,264,,,,,,,,,,,,,,
7/26/2025 8:41,263,,,,,,,,,,,,,,
7/26/2025 8:42,263,,,,,,,,,,,,,,
7/26/2025 8:42,264,,,,,,,,,,,,,,
7/26/2025 8:42,264,,,,,,,,,,,,,,
7/26/2025 8:42,264,,,,,,,,,,,,,,
7/26/2025 8:43,309,,,,,,,,,,,,,,
7/26/2025 8:43,347,,,,,,,,,,,,,,
7/26/2025 8:43,347,,,,,,,,,,,,,,
7/26/2025 8:43,346,,,,,,,,,,,,,,
7/26/2025 8:44,345,,,,,,,,,,,,,,
7/26/2025 8:44,344,,,,,,,,,,,,,,
7/26/2025 8:44,343,,,,,,,,,,,,,,
7/26/2025 8:45,338,,,,,,,,,,,,,,
7/26/2025 8:45,339,,,,,,,,,,,,,,
7/26/2025 8:45,343,,,,,,,,,,,,,,
7/26/2025 8:45,339,,,,,,,,,,,,,,
7/26/2025 8:46,337,,,,,,,,,,,,,,
7/26/2025 8:46,336,,,,,,,,,,,,,,
7/26/2025 8:46,336,,,,,,,,,,,,,,
7/26/2025 8:46,335,,,,,,,,,,,,,,
7/26/2025 8:47,336,,,,,,,,,,,,,,
7/26/2025 8:47,336,,,,,,,,,,,,,,
7/26/2025 8:47,336,,,,,,,,,,,,,,
7/26/2025 8:47,336,,,,,,,,,,,,,,
7/26/2025 8:48,337,,,,,,,,,,,,,,
7/26/2025 8:48,336,,,,,,,,,,,,,,
7/26/2025 8:48,332,,,,,,,,,,,,,,
7/26/2025 8:48,333,,,,,,,,,,,,,,
7/26/2025 8:49,335,,,,,,,,,,,,,,
7/26/2025 8:49,334,,,,,,,,,,,,,,
7/26/2025 8:49,303,,,,,,,,,,,,,,
7/26/2025 8:50,266,,,,,,,,,,,,,,
7/26/2025 8:50,266,,,,,,,,,,,,,,
7/26/2025 8:50,266,,,,,,,,,,,,,,
7/26/2025 8:50,265,,,,,,,,,,,,,,
7/26/2025 8:51,264,,,,,,,,,,,,,,
7/26/2025 8:51,271,,,,,,,,,,,,,,
7/26/2025 8:51,263,,,,,,,,,,,,,,
7/26/2025 8:51,265,,,,,,,,,,,,,,
7/26/2025 8:52,194,,,,,,,,,,,,,,
7/26/2025 8:52,193,,,,,,,,,,,,,,
7/26/2025 8:52,194,,,,,,,,,,,,,,
7/26/2025 8:52,195,,,,,,,,,,,,,,
7/26/2025 8:53,194,,,,,,,,,,,,,,
7/26/2025 8:53,193,,,,,,,,,,,,,,
7/26/2025 8:53,193,,,,,,,,,,,,,,
7/26/2025 8:53,195,,,,,,,,,,,,,,
7/26/2025 8:54,194,,,,,,,,,,,,,,
7/26/2025 8:54,194,,,,,,,,,,,,,,
7/26/2025 8:54,193,,,,,,,,,,,,,,
7/26/2025 8:54,192,,,,,,,,,,,,,,
7/26/2025 8:55,193,,,,,,,,,,,,,,
7/26/2025 8:55,192,,,,,,,,,,,,,,
7/26/2025 8:55,193,,,,,,,,,,,,,,
7/26/2025 8:55,192,,,,,,,,,,,,,,
7/26/2025 8:56,191,,,,,,,,,,,,,,
7/26/2025 8:56,193,,,,,,,,,,,,,,
7/26/2025 8:56,193,,,,,,,,,,,,,,
7/26/2025 8:56,192,,,,,,,,,,,,,,
7/26/2025 8:57,227,,,,,,,,,,,,,,
7/26/2025 8:57,193,,,,,,,,,,,,,,
7/26/2025 8:57,126,,,,,,,,,,,,,,
7/26/2025 8:57,125,,,,,,,,,,,,,,
7/26/2025 8:57,126,,,,,,,,,,,,,,
7/26/2025 8:58,144,,,,,,,,,,,,,,
7/26/2025 8:58,124,,,,,,,,,,,,,,
7/26/2025 8:58,134,,,,,,,,,,,,,,
7/26/2025 8:58,125,,,,,,,,,,,,,,
7/26/2025 8:59,126,,,,,,,,,,,,,,
7/26/2025 8:59,125,,,,,,,,,,,,,,
7/26/2025 8:59,123,,,,,,,,,,,,,,
7/26/2025 8:59,124,,,,,,,,,,,,,,
7/26/2025 8:59,122,,,,,,,,,,,,,,
7/26/2025 9:00,534,,,,,,,,,,,,,,
7/26/2025 9:00,538,,,,,,,,,,,,,,
7/26/2025 9:00,537,,,,,,,,,,,,,,
7/26/2025 9:00,539,,,,,,,,,,,,,,
7/26/2025 9:01,487,,,,,,,,,,,,,,
7/26/2025 9:01,484,,,,,,,,,,,,,,
7/26/2025 9:01,485,,,,,,,,,,,,,,
7/26/2025 9:01,1670,,,,,,,,,,,,,,
7/26/2025 9:01,577,,,,,,,,,,,,,,
7/26/2025 9:02,570,,,,,,,,,,,,,,
7/26/2025 9:02,572,,,,,,,,,,,,,,
7/26/2025 9:02,572,,,,,,,,,,,,,,
7/26/2025 9:02,577,,,,,,,,,,,,,,
7/26/2025 9:03,572,,,,,,,,,,,,,,
7/26/2025 9:03,569,,,,,,,,,,,,,,
7/26/2025 9:03,568,,,,,,,,,,,,,,
7/26/2025 9:03,567,,,,,,,,,,,,,,
7/26/2025 9:04,561,,,,,,,,,,,,,,
7/26/2025 9:04,554,,,,,,,,,,,,,,
7/26/2025 9:04,559,,,,,,,,,,,,,,
7/26/2025 9:04,560,,,,,,,,,,,,,,
7/26/2025 9:05,562,,,,,,,,,,,,,,
7/26/2025 9:05,563,,,,,,,,,,,,,,
7/26/2025 9:05,565,,,,,,,,,,,,,,
7/26/2025 9:05,564,,,,,,,,,,,,,,
7/26/2025 9:06,558,,,,,,,,,,,,,,
7/26/2025 9:06,555,,,,,,,,,,,,,,
7/26/2025 9:06,555,,,,,,,,,,,,,,
7/26/2025 9:07,557,,,,,,,,,,,,,,
7/26/2025 9:07,557,,,,,,,,,,,,,,
7/26/2025 9:07,555,,,,,,,,,,,,,,
7/26/2025 9:07,553,,,,,,,,,,,,,,
7/26/2025 9:08,553,,,,,,,,,,,,,,
7/26/2025 9:08,483,,,,,,,,,,,,,,
7/26/2025 9:08,480,,,,,,,,,,,,,,
7/26/2025 9:08,480,,,,,,,,,,,,,,
7/26/2025 9:08,484,,,,,,,,,,,,,,
7/26/2025 9:09,486,,,,,,,,,,,,,,
7/26/2025 9:09,480,,,,,,,,,,,,,,
7/26/2025 9:09,479,,,,,,,,,,,,,,
7/26/2025 9:10,480,,,,,,,,,,,,,,
7/26/2025 9:10,472,,,,,,,,,,,,,,
7/26/2025 9:10,474,,,,,,,,,,,,,,
7/26/2025 9:10,474,,,,,,,,,,,,,,
7/26/2025 9:11,478,,,,,,,,,,,,,,
7/26/2025 9:11,478,,,,,,,,,,,,,,
7/26/2025 9:11,475,,,,,,,,,,,,,,
7/26/2025 9:11,477,,,,,,,,,,,,,,
7/26/2025 9:12,473,,,,,,,,,,,,,,
7/26/2025 9:12,473,,,,,,,,,,,,,,
7/26/2025 9:12,478,,,,,,,,,,,,,,
7/26/2025 9:12,473,,,,,,,,,,,,,,
7/26/2025 9:13,471,,,,,,,,,,,,,,
7/26/2025 9:13,470,,,,,,,,,,,,,,
7/26/2025 9:13,466,,,,,,,,,,,,,,
7/26/2025 9:13,470,,,,,,,,,,,,,,
7/26/2025 9:14,473,,,,,,,,,,,,,,
7/26/2025 9:14,469,,,,,,,,,,,,,,
7/26/2025 9:14,465,,,,,,,,,,,,,,
7/26/2025 9:14,468,,,,,,,,,,,,,,
7/26/2025 9:15,464,,,,,,,,,,,,,,
7/26/2025 9:15,468,,,,,,,,,,,,,,
7/26/2025 9:15,476,,,,,,,,,,,,,,
7/26/2025 9:15,467,,,,,,,,,,,,,,
7/26/2025 9:16,467,,,,,,,,,,,,,,
7/26/2025 9:16,466,,,,,,,,,,,,,,
7/26/2025 9:16,463,,,,,,,,,,,,,,
7/26/2025 9:16,463,,,,,,,,,,,,,,
7/26/2025 9:17,463,,,,,,,,,,,,,,
7/26/2025 9:17,462,,,,,,,,,,,,,,
7/26/2025 9:17,463,,,,,,,,,,,,,,
7/26/2025 9:17,460,,,,,,,,,,,,,,
7/26/2025 9:18,460,,,,,,,,,,,,,,
7/26/2025 9:18,460,,,,,,,,,,,,,,
7/26/2025 9:18,456,,,,,,,,,,,,,,
7/26/2025 9:18,457,,,,,,,,,,,,,,
7/26/2025 9:19,460,,,,,,,,,,,,,,
7/26/2025 9:19,552,,,,,,,,,,,,,,
7/26/2025 9:19,539,,,,,,,,,,,,,,
7/26/2025 9:19,534,,,,,,,,,,,,,,
7/26/2025 9:19,524,,,,,,,,,,,,,,
7/26/2025 9:20,517,,,,,,,,,,,,,,
7/26/2025 9:20,104,,,,,,,,,,,,,,
7/26/2025 9:20,95.5,,,,,,,,,,,,,,
7/26/2025 9:20,84.1,,,,,,,,,,,,,,
7/26/2025 9:20,67,,,,,,,,,,,,,,
7/26/2025 9:20,52.2,,,,,,,,,,,,,,
7/26/2025 9:21,41.2,,,,,,,,,,,,,,
7/26/2025 9:21,30.3,,,,,,,,,,,,,,
7/26/2025 9:21,15.8,,,,,,,,,,,,,,
7/26/2025 9:21,5.6,,,,,,,,,,,,,,
7/26/2025 9:21,-1.7,,,,,,,,,,,,,,
7/26/2025 9:21,-10,,,,,,,,,,,,,,
7/26/2025 9:22,-13,,,,,,,,,,,,,,
7/26/2025 9:22,-20.8,,,,,,,,,,,,,,
7/26/2025 9:22,-24.8,,,,,,,,,,,,,,
7/26/2025 9:22,-26.2,,,,,,,,,,,,,,
7/26/2025 9:22,-21.9,,,,,,,,,,,,,,
7/26/2025 9:22,-28.9,,,,,,,,,,,,,,
7/26/2025 9:23,-28.6,,,,,,,,,,,,,,
7/26/2025 9:23,-29.6,,,,,,,,,,,,,,
7/26/2025 9:23,-30.8,,,,,,,,,,,,,,
7/26/2025 9:23,-32.9,,,,,,,,,,,,,,
7/26/2025 9:23,-34.4,,,,,,,,,,,,,,
7/26/2025 9:23,-35.2,,,,,,,,,,,,,,
7/26/2025 9:24,0.5,,,,,,,,,,,,,,
7/26/2025 9:24,-3.5,,,,,,,,,,,,,,
7/26/2025 9:24,-6.7,,,,,,,,,,,,,,
7/26/2025 9:24,-2.5,,,,,,,,,,,,,,
7/26/2025 9:24,-2.2,,,,,,,,,,,,,,
7/26/2025 9:24,-3.8,,,,,,,,,,,,,,
7/26/2025 9:25,-4,,,,,,,,,,,,,,
7/26/2025 9:25,-46.6,,,,,,,,,,,,,,
7/26/2025 9:25,-12.3,,,,,,,,,,,,,,
7/26/2025 9:25,6.3,,,,,,,,,,,,,,
7/26/2025 9:25,-2.55,,,,,,,,,,,,,,
7/26/2025 9:25,-0.7,,,,,,,,,,,,,,
7/26/2025 9:26,-2.13,,,,,,,,,,,,,,
7/26/2025 9:26,2.1,,,,,,,,,,,,,,
7/26/2025 9:26,-3.07,,,,,,,,,,,,,,
7/26/2025 9:26,-4.25,,,,,,,,,,,,,,
7/26/2025 9:26,-4.2,,,,,,,,,,,,,,
7/26/2025 9:27,-8.6,,,,,,,,,,,,,,
7/26/2025 9:27,2,,,,,,,,,,,,,,
7/26/2025 9:27,-1.85,,,,,,,,,,,,,,
7/26/2025 9:27,-1.53,,,,,,,,,,,,,,
7/26/2025 9:27,-2.9,,,,,,,,,,,,,,
7/26/2025 9:27,-2.1,,,,,,,,,,,,,,
7/26/2025 9:28,-2.35,,,,,,,,,,,,,,
7/26/2025 9:28,-3.2,,,,,,,,,,,,,,
7/26/2025 9:28,-2.6,,,,,,,,,,,,,,
7/26/2025 9:28,-0.75,,,,,,,,,,,,,,
7/26/2025 9:28,8.3,,,,,,,,,,,,,,
7/26/2025 9:28,6.6,,,,,,,,,,,,,,
7/26/2025 9:29,0.05,,,,,,,,,,,,,,
7/26/2025 9:29,-4.75,,,,,,,,,,,,,,
7/26/2025 9:29,-6.55,,,,,,,,,,,,,,
7/26/2025 9:29,-11.4,,,,,,,,,,,,,,
7/26/2025 9:29,-12.3,,,,,,,,,,,,,,
